text,predictions
Til Bestyrelsen af,Til Bestyrelsen af
I Ærbødighed,I Ærbødighed
Paa Søskendes og egne Vegne,Paa Søskendas og egne Vegne
14/7-08.,14/7-08.
"Granskog, Hvalstad.","granskog, Hvalstad."
"hjerteligste, varmeste Tak for","hjerteligste, varmeste Tak for"
Deres Deltagelse i disse tunge,Deres Deltagelse i disse tunge
beder jeg Dem modtage vor,beder jeg Dem modtage vor
Dage.,Dage.
Erik Lie.,Erik Lie.
Læseforeningen for Kvinder!,Læreforeningen for Kvinder!
der nu flere. (Den nye Gruppe paa 30,der nu flere. (Den nye Gruppe paa 30
Medlemmer og Stortingets Afknappede Be-,Medlemmer og Storthingets Sknappede Be-
af at  Kunstafdelingen endnu ikke,af at  Kunstafdelingen endnu ikke
vilgning af 10.000 Kroner til Udvidelse af,"vilgning af 10,000 Kroner til Uøvedelse at"
"at faa Medlemmerne sammen, med-","at faa Medlemmerne sammen, med-"
"ikke hat noget Møde, siden Ansøg-","ikke hat noget Møde, siden Ansøg-"
"get Svar angaaende Dem, kommer det","get Svar angaaende Dem, kommer det"
Deres hengivne,Deres hengivne
25/5-13,25/5 13
"for en enkelt Sag, da det er vanskeligt","for en enkelt Sag, da det er vanskeligt"
Kjære Harriet Backer!,Kjære Harriet Backer!
har absolut Intet med Jubilæumsudstillin-,har absolut Intet med Jubilæumsudslille
ningen indløb. Vi kan ikke holde Møde,ningen indløb. Vi kan ikke holde Møde
gen at gjøre.,gen at gjøre.
har behandlet Sagen. Den har nemlig,har behandlet Sagen. Den har nemlig
"Naar ""De Fjorten"" endnu ikke har faat no-","Naar ""De Fjorten"" endnu ikke har faat no"
Dernæst gaar Sagen til Administrationskomiteen.,Dernæst gaar Sagen til Administivnskomiteen.
mindre der foreligger flere. Imidlertid er,mindre der foreligger flere. Imidlertid er
Chistian Krohg,Christian Krohg
De nævner bildende Kunstneres Styre. Dette,De nævne bildende Kunstneres Styre. Dette
"Kunsthallen, saa nu blir der Møde med det Første).","Kunsthisthen, saa nu blir der Møde med det første)."
"om Forslag til et godt norsk Navn, der ud-","om Forslag til et godt norsk Navn, der ud-"
Klingenberg,Klingenberg
at komme mig og derved min Ven til Hjælp,at komme mig og derved enn Den til Hjælp
"Jeg bemærker, at Vedkommende har et Far-","Jeg bemærker, at Vedkommende har et Far-"
Hr. Ivar Aasen!,Hr Ivar Aasen!
"nytt Skib, en Skonnert, og har bedet mig","nyt Skib, en Skonnert, og har bedet mig"
ved Drammens Toldsted,ved Drammens Toldsted
Fra,Fra
En Mand i Fredriksstad skal døbe et,En Mand i Fredrikestad skal døbe et
J. B. Klingenberg,J. H. Hengivne
i Folkemunde.,i Folkemunde.
Forventende med det snareste Deres gunstige Svar,Forventende med det snareste Deres gunstige Svar
Deres ærbødige,Deres ærbødige
Da jeg ikke er Manden for at finde et,Da jeg ikke er Manden for at finde et
No.,No.
Til,Til
"saadant ""godt"" Navn, haaber jeg De undskylder,","saadant ""godt"" Navn, haaber jeg De undskylder,"
og derhos bidrage til at faa et godt norsk Ord,og derhos bidrage til at faa et godt norsk Ad
at jeg henvender mig til dem med Bøn om,at jeg henvender mig til Dem med Bøn om
DRAMMEN den 23de Oktober 1879,DANNEN den 23de Oktober 1879
"""Starkad"". Der ønskes ""et godt klangfuldt Praienavn""",Starkad. Der ønskes et godt klangfuldt Pleienam
"trykker ""Udholdenhed, Ihærdighed, Seighed","trykker ""Udholdenhed, Ihærdighed, Seighed"
med sand Høiagtelse,Med sand Høiagtelse
"ogsaa Uforfærdethed.""","ogsaa Uforfærdethed."""
"tøi, ved Navn ""Voni"" og ikke ønsker Navnet","tøi, sad Navn ""Voni"" og ikke ønsken Navnet"
Toldkassereren,Eoldkassereren
tes som opgiven. Således står altså sagen for øjeblikket.,tes som opgiven. Således står altså fagen for øjeblikket.
at han kun på den betingelse havde erklæret at ville,at han kun på den betingelse havde erklæret at ville
at formentlig,at formentlig
Om betalingsterminerne o. dl. kunde følgelig ikke blive,Om betalingsstemmerne o.dl. kunde følgelig ikke blive
"forhandle med ham angående forlaget af ""Amtmandens",forhandle med ham angående forlaget af Amtmandens
"vedstå sit oprindelige bud, at 1) De påtog Dem at af-","vedstå sit oprindelige bud, at De putog Dem at af-"
"aftalte, og i alle fald ikke selv have det mindste enten","aftalte, og i alle fald ikke selv have det mindste enten"
"påtage mig et sådant arbejde,","påtage mig et sådant arbejde,"
"ved, ud på 40 Spd.; dette er altså blot et pengespørgsmål.","ved, ud paa 40 Spd.; dette er altså blot et pengespørgsmål."
ingen vilde kunne udføre dette arbejde bedre end overretssagfø-,ingen vilde kunne udføre dette arbejde bedre end overretsfagfø.
ge at bearbejde personretten til trykken. Hvad det før-,ge at bearbejde personretten til trykken. Hvad det for-
"stændighed, i alle fald i den nærmste fremtid, vil kunne","stændighed, i alle fald i den nærmeste fremtid, vil kunne"
"døtre"" og ""Collets personret"". Men Tønsberg erklærede strax,","""døtre"" og ""Collets personret"". Men Tønsberg erklænde strax"
"talt. Min mening er nu, at De bør fastholde det engang","talt. Min mening er nu, at De bør fastholde det engang"
fordring.,fordring.
F Brandt,B. Bjørnson
"gjøre det fornødne med Finne, og 2) at jej skulde overta-","gjøre det fornødne med Tinne, og sat jeg skulde overta-"
"hvorpå jej erklærede ham, at isåfald måtte sagen betrag-","hvorpå jeg erklærede ham, at isåfald måtte sagen betrag-"
"være villig. Tønsberg insisterede imidlertid på sin fordring,",være villig. Tønsberg inviterede imidlertid på sin fordring
med Finne eller med personrettens eventuelle bearbej-,med Finne eller med personrettens eventuelle bearbej-
delse at bestille. Jej skal også tale nærmere med Tønsberg;,delse at bestille. Jeg skal også tale nærmere med Tønsberg;
"rede tidligere erklæret Tønsberg, at jej under ingen om-","rede tidligere erklæret Tønsberg, at jeg under ingen om-"
"rer O. Bakke, der også, efter hvad jej har hørt, dertil skal","rer O. Bakke, der også, efter hvad jeg har hørt, dertil skal"
måske opgiver han i det mindste den,måske opgiver han i det mindste den
ærbødigst,ærbødigt.
"Hvad derimod angår det andet vilkår, da har jej alle-","Hvad derimod angår det andet vil kår, da har jeg alle."
"ste vilkår angår, da går Finnes forlangende, såvidt jej","ste vilkår angår, da går Finnes forlangende, såvidt jeg"
d. 25/10 58.,d. 25/10 58.
"Efter aftale har jej været hos konsul Tønsberg, for at","Efter aftale har jeg været hos konsul Tønsberg, for at"
-gjørende foredrag -,gjørende foredrag –
om at få fremføre,om at få fremføre
til Dem sin ærbødige,til Dem sin ærbødige
-derlige arbeide for,derlige arbeide for
Ved nærværende beder,Ved nærværende beder
Kristiania 8/2 - XIII,Kristiania 6/2 - Fru
Illustrissime!,Illustussine!
undertegnede - som,undertegnede - som
tak for Deres uvur-,tak for Deres uwur-
har læst Deres epoke-,har læst Deres afsøke-
Kristian Gløersen,Kristian Gløersen
I ærbødighed,I ærbødighed
"ønsker til de mange tusinders, idet","ønsker til de mange tusinders, idet"
jeg samtidig udtaler min dybeste,jeg samtidig udtaler min dybeste
Kristiania 23 januar 1893.,Kristiania 23 januar 1893.
Fru Camilla Collett!,Fru Camilla Collett!
høiagtelse og varmeste beundring.,høiagtelse og varmeste beundring.
"Tillad, at jeg på denne Deres 80 år","Tillad, at jeg på denne Deres 80 år"
fødselsdag føier også mine bedste,fødselsdag føier også mine bedste.
Seminarist.,Seminarist
"Halm og Hielmstænger"". Ordet forekomer",Holm og Hilmslænger. Ordet forekommer
Mands Jord enten Hielm eller nogen andre Huse,Mands Jord enten Hielm eller nogen andre Huse
"nemlig i forskjellige Gaardsnavne her som ""Hjel-","nemlig i forskjellige Gaardsnavne her som ""Hjel-"
"tillader jeg mig herved at spørge Dem, hvad der","tillader jeg mig herved at spørge Dem, hvad der"
udbedes tegner jeg med Agtelse,udbedes tegner jeg med Agtelse
"Landskylden, maa han ""bortflytte sin Vedkast,","Landskylden, maa han ""bortflytte sin Vedkast,"
I det Deres velvillige Svar herpaa ærbødigst,I det Deres velvillige Svar herpaa ærbødigst
S. T:,S. T.
Christoffer Løvvig,Christoffer Løvvig
18 Novbr. 1872.,18 Novbr. 1872.
"I Haab om, at De undskylder min Frihed,","I Haab om, at De undskylder min Frihed,"
"mervig"", - ogsaa, men formentlig galt, skrevet ""Gjel-","mervig, - ogsaa, men formentlig galt, skrevet ""Gjel-"
Hr. Ivar Aasen.,Hr. Svar Aasen.
"Lovs 6-15-18 heder: ""Bygger Mand paa anden","Lovs 6-15-18 heder: ""Bygger Mand paa anden"
"det om Leilændingen heder, at naar han har betalt","det om Leilændingen heder, at naar han har betalt"
hvilke Navnes Betydning jeg gjerne ønskede at,hvilke Navnes Betydning jeg gjerne ønskede at
"mervig"" - ""Hjelmeland"", ""Hjelmen"", en Ø i Fitje,","mervig - Hjelmeland, Hjelnen, en Ø i Følge,"
kjende.,kjende.
"eller Svinesti eller Gierde etc."", og i 3-14-41, hvor","eller Svinefter Gierne etc., og i 3-14-11, hvor"
Stordøen pr. Søndhordland den,Storaven pr. Søndhordland den
"menes med Ordet ""Hjelm"", naar det i Norske","menes med Ordet ""Hjelm"", naar det i Norske"
"Over hvilke Emner har Fru Mathilde Schjøtt holdt Foredrag,","Over hvilke Emner har Fru Mathilde Schjøtt hvedt Torsdag,"
Kammerherre Holst.,Kammerherre Holst.
Overintendant,Overintendendant
Chr Holst,Andet
uleilige Dem med at give mig Besked.,"uleelige Dem med at give mig Besked,"
født Collett,født Collett
Christiania den 21 Novbr. 1884,Christiania den 21 Novbr. 1884
"og hvorfor har Foreningen forladt det sikkre Standpunkt, den","og hvorfor har Foreningen forladt det sikkre Standpunkt, den"
Deres ærbødigste,Deres ærbødigste
"som ""allene"" ""Læsecirkel"" ""for Qvinder"", indehavde?","som ""allene ""Læsecirkel"" for Qvinder"", indehævde?"
"tilfredsstillende, er der dog et Punkt, hvorom jeg endnu maa","tilfredsstillende, er der dog et Partt, hvorom jeg endnu maa"
"Idet jeg erkjender Modtagelsen af de Oplysninger, De","Idet jeg erkjender Modtagelser af de Oplysninger, De"
har meddelet mig og som jeg i visse Henseender finder fuldt,har medleiet mig og som jeg i visse Henseender finder fuldt
Fru Johanne Vogt,Fru Johanne Vogt
Fra,Fra
"telse, maa jeg nu tro, at man ikke under","telse, maa jeg nu tro, at man ikke under"
"Stipendier, hvorom jeg søgte, og da det er anden","Stipendier, hvorom jeg søgte, og da det er anden"
Hr. Dr. G. Brandes har for mig en langt større Værdi,Hr. Dr. G. Brandes har for mig en langt større Værdi
Lejlighed har erhvervet fra Dem ligesom fra,Lejlighed har erhvervet fra Dem ligesom fra
gang meldte mig - de Udtalelser jeg ved denne,gang meldte mig - de Udtalelser jeg ved denne
Deres særdeles forbundne,Deres særdeles forbundne
"Gang, jeg forgjæves anholder om Understøt-","Gang, jeg forgjæves ankalder om Understøt-"
Sagen er nu afgjort - jeg erholdt ingen af de,Sagen er nu afgjort - jeg erholdt ingen af de
nogen Omstændighed vil bevilge mig nogen,nogen Omstændighed vil bevilge mig nogen
"saadan. Jeg kan dog ikke angre, at jeg denne -","saadan. Jeg kan dog ikke angre, at jeg denne-"
Dem min varmeste Tak for det særdeles,Dem min varmeste Tak for det særdeles
Jeg tillader mig herved at aflægge,Jeg tillader mig herved at aflægge
Trondhjem 3 August 1880.,Trondhjem 3 august 1880.
Hr. Henrik Ibsen.,Hr. Henrik Ibsen.
"velvillige Brev, jeg i vaar modtog fra Dem.","velvillige Brev, jeg i vaar modtog fra Dem."
end hvilkensomhelst offentlig Understøttelse.,end hvilkeusomkost offentlig Understøttelse.
Kr. Elster.,Kr. Elster.
"2 plader, hver med 5 optagelser.","2 plader, hver med 5 optagelser."
DET NORSKE KVÆLSTOFKOMPAGNI,- DET NORSKE KvatST hovedMigANI
AKTIESELSKABET,K TJESeJSK sRET
efter tændningen.,efter tændningen.
"Plade mærket I er exponeret i 1/100 sek. KW. = 80, volt 1800","Plade mærket Tur erponeret i Tvo rik. Men.- 80, vælt 1800"
A. Bretteville.,h. Brevvell.
amp. 45 magnetisme 38.,grup. 45 magnetirme 38.
Hr. Prof. Birkeland,Hr. Prof. Birkeland
Hermed har jeg den fornøielse at fremsende,Hermed har jeg den fornøielse at fremsende
"De er begge tagne paa den maade, at apparatet, der","den begge dagen paa den maade, at apparatel, der"
Vasmoen pr. Arendal den 6/5 06.,Vasmaen pr. Arendal den 6/5 06.
saaledes næsten nøiagtig 1/10.,saaledes næsten nøiagtig 1/10.
TELEGRAFADRESSE:,TELEGRafagRESS:
hver exponering.,hver ex ponering.
"Plade mærket II er exponeret i 1/50 sek. KW. = 90, volt 2200","Blade mærket er erponeret: 150 ark. 13W. - 90, malt 1200"
(FORSØGSSTATIONEN),(FORSø GSTATIONALONEN)
Den sidste lille optagelse paa plade nr. II er taget umiddelbart,Den sidste lille optagelse paa plade om T. er taget umiddelbart
Christiania.,bokristiania.
Elektroderne er noget vanskeligere at se paa disse,Blektrøderne er noget vanskeligere at se paa dine
"KVÆLSTOF, ARENDAL","KVELSTof,ARENDal"
sider noget,sider noget
"hverken tyndere eller mere i midten af flammerummet,","hverken tyndere eller mere i midten af flammerummet,"
der er 8 cm bredt. Elektroderne er nu - efter at kapperne,der er Dem bredt. Blikholm er nu efter et kroperne
"var stillet midt foran vinduet, blev dreiet til begge","var stillet midt foran vinduet, blev dreiet til begge"
J. No. 860.,7. No. 8 60.
efter,efter
Ærbødigst,Ærbødigst
næsten er vækbrændte - 17 mm tykke. Optagelserne bliver,næsten er vækkkrænde - . Kommer tykke. Optagelserne bliver
fotografier. Det var ikke muligt at faa flammen,fotografier. Det var ikke muligt at faa flammen
"amp. 45, magnetisme 38.","amp. 45, megenelisme 38."
RIGSTELEFON 274 ARENDAL,RæSTHON 274 Anendal
komst til Christiania at faa en fuldstændig Under-,komst til Christiania at faa en fuldstændig Under-
gammel Tid at jeg just ingen Force har i Brev-,gammel Tid at jeg just ingen Forre har i Brev-
nøielse at tale med Dem. Deres hengivne,nøielse at tale med Dem. Deres hengivne
forglemme at gjøre Brug af Deres godhedsfulde,forglemmer at gjøre Brug af Deres godhedsfulde
De faaer just ikke mange Linier til Svar paa,De faaer just ikke mange Linier til Uvar paa
da jeg nu er frisk og vel. Jeg skal vist ikke,da jeg nu er frisk og vel. Jeg skal vist ikke
Trondhjem 28d. Febr 1844.,Trondhjem 28. Febr 1844.
Meget forbunden er jeg Dem for de mang inter-,Meget forbunden er jeg Dem for de mang inter-
og vil det være mig særdeles kjært ved min An-,og vil det være mig fordeles kjært ved min An-
H. Michelsen,Hr. Michelsen
1844.2.28,1844.2.28
Desforuden har jeg modelleret nogle Smaafigurer.,Derforuden har jeg modelleret nogle Smaaefigurer.
hidrører fra mit Arbeide paa Thomas Angells Buste,hidrøier fra mit Arbeide paa Thomas Angells Bustz
hengaa meget lang Tid inden jeg faaer den For-,hengaa meget lang Tid inden jeg faaer den For-
der nu er færdig og som senere vil blive udført i Marmor,der nu er færdig og som senere vil blive udført i Maen er
Ret meget være De takket for Deres mig kjærkomne,"Ret meget, være De takket for Deres mig kjærkomne"
Skrivelse af 10d. f M og beklager jeg at sammes Be-,Skrivelse af 10d. f M og beklager jeg at samme Be-
retning om Alt det Omskrevne. Saa snart Veiret,retning om Alt det Omskrevne. Saa snart Veien
skrivn. og desuden haaber jeg der ikke skal,Prisen og desuden haaber jeg der ikke skal
"Deres indholdsrige Brev, men De veed nok fra","Deres indholdsrige Skrev, men De veed nok fra"
Tilbud hvad Logie angaaer.,Tilbud hvad Logie angaaer.
ressante Beretninger De meddeler mig i Deres Brev,restante Beretninger De meddeler mig i Deres Brev
svarelse er bleven udsat saa længe og som fornemmelig,hvorelse er bleven tilhøy saa længe og som fornemmelse
bliver noget blidere tænker jeg at tage paa Reisen,bliver noget blidere tænker jeg at tage paa Reisen
Min gamle Ven!,Min gamle Ven!
med Hensyn til Sprog og Indhold.,med Hensyn til Sprog og Indhold.
Anledning jeg ønskede at høre Deres,Anledning jeg ønskede at høre Deres
Dronningensgade No 24,Dronningenigede No 24
Christiania,Christiania
ærbødigst,ærbødigst
gjøre mig den Fornøielse at tækkes,gjøre mig den Fornøielse at tækker
Hr Stipendiat Ivar Aasen!,her Stipendiet Iver Aasen!
Storthingsmand,Storthingsmand
Arbeide af mig skal foredrages af,Arbeide af mig skal foredrages af
kyndige,kyndige
S. T.,S. T.
H. Schulze,H. Schulde
Formening baade,Formening burde
"i al Tarvelighed, da et lidet dramatisk","i al Tarvelighed, da at lidet Frematiske"
Jeg tillader mig at bede Dem,Jeg tillader mig at bede Dem
"Fru Wolf i Landsmaalet, i hvilken","Fru Wolf i Landsmaalet, i hvilken"
her hos mig i Morgen Aften Kl 7,her har mig i Morgen Aften 787
den 19de April 1869.,Den 19de April 1869.
vilde take meg på ordlyda av det eg skreiv.,vilde tale meg få ordbyd – av det og skreiv.
I. B.,J. B.
for,jeg
sård så ber eg um tilgjeving! Og eg vilde vere takksam um De,sért nu led og min tilgjæring! - Og jeg vilde verre takksom nu de
av brev Frøis Frøisland 12/10-25,av brev Frøis Livisland 12/10-25
Vyrds.,Vyrrel.
var forma slik at De hadde grunn til å kjenne Dokk,var forma slik at De hadde grun til å kjenne Døkk
"De har fått ein ansvarsfull post på Noregs største talarstol, eg vil","Da har fitt in ansvarsfall part paa Norge støgete tilestol, og vil"
"ynskje Dokk hjerteleg til lykke, - at det må lykkest","gnakje Døkk hjertelig til lykke, - at det må lykket"
Dokk å så eit got,Dokk å se ut godt
hjerteleg helsing og takk!,Gjertelig helsig og takk!
såfrø til rik vokst for eit fagert folkeliv i vårt kjære Noreg!,såfru til ut vaket for ut for at fag et folkeliv i vist kjære Noreg:
fysiske Institut.,fysiske Institut.
"Kjære Sæland,","Kjære Saland,"
Kloumann kommer ud af,Klommann kommer ud af
liden gevinst forresten) og vil,liden gevinst forresten) og vil
søge Vasdragsprof. i Trondhjem.,søge Vasdragsprof. 1 Trondhjem.
1911,1911
overmaade fremragende.,overmaade fremragende.
Salpeterverkerne (med en pen,Salpetorverkerne (Med en pen
Konfidentielt,Konfidentelt
Det maa da være en stor vinding,Det maa da være en stor vinding
kunde vel Richard sættes?,kunde vel Richard sættes?
Universitetets,Universitetets
foreløbig intet til andre. Din hengivne,foreløbig intet til andre. Din hengivne
Istedenfor ham i Komiteen,Istedenfor ham i Komiteen
Efter min mening er han,Efter min meninger han
Kr. Birkeland.,Hr. Birkefand
for høiskolen af faa ham?,for høiskolen at faa ham?
Diskuter dette med ham men sig,"Diskuter dette med ham, men dog"
Kristiania 6 okt,Kristiania 6 okt
prenta; det var ikkje meininga.,prenta; det var ikkje meininga.
Vil De so vera so venleg aa merka,Vil De so vera so venleg aa merka
eg det 4de ark korrektur attende. - Eg har,eg det 4de ark korrektur attende. - Eg har
her og kvar. Men De maa orsaka at De fekk,her og kvar. Men De maa ossaka at De fekk
Dykkar vyrdsame,Dykkar vyrdnadsame
det vanleg landsmaalsform med smaa brigde,det vanleg landsmaalsform med smaa brigde
av kontrakten imillom oss. Samstundes sender,av kontrakten imillom oss. Samstundes sender
Kristiania.,Kristiania.
"men har no teke ei avgjerdsla. Som De ser, er","men har no teke ei avgjerdsla. Som De ser, er"
Olav Duun,Olav Duun
"ikkje so heilt einig i den ""aasenske maalform"" -,","ikkje so heilt einig i den ""aarenske maalforn"","
Hermed sender eg Dykk det eine expl.,Hermed sender eg Dykk det eine expl.
"Dykk, at tilskrifta mi no er Kotsøien st.,","Dykk, at tilskrifta mi no er Kotsøien st."
"ikkje Faksdal lenger, so gaar det fortare.","ikkje Faksdal lenger, so gaar det forbare."
kladden aa,kladden aa
"Hr. bokreidar Olaf Norli,","Hr. bokreidar Olaf Norli,"
"vore i tvil um ymse maalformer hittil, - er","vore i tvil um ymse maalformer hittil, - er"
Christiania 29.4.1914,Christiania 29.4.1914.
Ord mot alt det pædagogiske,Ord mat alt det pædagagiske
til mine Barn. Det er Pædagogens,vil mine Barn. Det er Rædagagen
"for, hvad De har skrevet om","for, hvad De har skrevet om"
Fru Sigrid Undset Svarstad!,Fru Sigrid Undset Svarstad!
den saakaldte kjønslige Opdragelse.,den saakaldte kjønslige Opdragelse.
"under Laas og Lukke, av Hensyn","under Laas og Lukke, av Hensyn"
Deres ærbødige,Deres ærvrige
Prestens og Fru Gjems-Selmers -,Presters og Fru Gjems-Selsmers-
lider under. Av alle mine,lider vinder. Av alle mine
Det var et godt og paakrævet,Det var et godt og paakrævet
"Kluss, som Tiden og Barna","Kluss, som Tiden og Barna"
sende Dem en personlig Tak,sende Dem en personlig Tak
Jeg maa faa Lov at,Jeg maa faa tror at
Nils Vogt,nissvogt
Lærebøker om den kjønslige,Lærebøker om den kjønslige
bydelige.,bydelige.
"et halvt Snes Stykker, jeg har","et halvt Snes Stykker, jeg har"
Undervisning. De er for mot-,Undervisning. De er for mat-
tusener av Bøker er der kun,tusener av Bøker er der kom
Kjære hr. Vigeland!,Kjære hr. Vigeland!
Kristiania 16/2/03,Kristiania 16/2/03
Mens jeg husker på,Mens jeg husker på
"Deres ""Abel"", som nu","Deres ""Abel"", som nu"
Tak for beskeden til,Tak for beskeden til
omtalte fotografi af,omtalte fotografi af
"det, sender jeg Dem","det, sender jeg Dem"
Sigbjørn.,Sigbjørn.
Deres,Deres
hr. Væring om at la,hr. Varing om at la
pryder mit kammer.,pryder mit kammer.
H. Obstfelder.,H. Obstfreder.
mig få fotografiet af,mig få fotografiet af
Thomle,Thomle
at Navnet Arnljot har været,at Navnet Arnljot har været
Haabende De undskylder Henvendelsen,Haabende De undskybbe Henvendelsen
N. B. Thomle.,N. B. Thomle.
Drammen den 18de Febr 1880.,Drammen den 18de Febr 1880.
"i denne, ikke finde Navnet","i denne, ikke finde Navnet"
"Adr: ""Drammen"".","Adr: ""Drammen""."
undertegner jeg Deres med Høiagtelse,undertegner jeg Deres med Høiagtelse
smukkeste jeg har fundet i vor,smukkeste jeg har fundet i vor
dette Navn har været et af de,dette Navn har været et af de
Jeg er i Besiddelse af Deres,Jeg er i Besuldelse af Deres
"""Arnljot""; da jeg altid har troet","""Arnljot""; da jeg altid har troet"
Herr Ivar Aasen!,Herr Svar Aasen!
Bog om norske Navne; men kan,"Bag om norske Navne, men kan"
Betydning. -,Betydning. -
"vilde underrette mig om, hvorfra","vilde underrette mig om, hvorfra"
"Norskt, og tillige har fundet at","Norskt, og tillige har fundet at"
"meget taknemmelig, om De velvillig","meget taknemmelig, om De velvillig"
Navnet stammer - samt om dets,Navnet skammer - samt om dets
"gamle Historie, vil jeg være Dem","gamle Historie, vil jeg mere Dem"
det sure Æble og garantere,det sine Æble og garantere
"afsted, uden at der var reist","afsted, uden at der var reist"
Kristiania 23 Juni 1903,Kristiania 23 Juni 1903
tilveie paa anden Maade.,tilveie paa anden Maade.
F. N.,F. h.
Herr Professor Fridtjof Nansen,Herr Professor Fridtjof Nansen
Da Gjøa forleden Dag seilede,Da Gjøa forleden Dag seilede
Joh G Heftye,Joh Ykkelige
de Kr 3000. -,de Kr 3000.-
Dette Haab er da nu grundigt,Dette Haab er da nu grundigt
"Brev, og jeg faar vel da bide i","Brev, og jeg faar vel da bede i"
skuffet ved Herr Professorens,skuffet ved Herr Professorens
Sendes Ad. Alex Nansen,Sendes Adv. Alex. Nansen
Ærbødigst,Ærbødigst
"jeg et stille Haab om, at den","jeg et stille Haab om, at den"
fornødne Kapital var skaffet,fornødne Kapital var skaffet
"videre Tiltale mod mig, nærede","videre Tiltale mod mig, nærede"
Lysaker,Lysaker
No,No
den medfølgende Seddel vil formentlig,den medfølgende Seddel vil formentlig
"Kjøbenhavn, den 20 Oktober 1900.","Kjøbenhavn, den 20 October 1900."
Med bedste Hilsen,- Ned bedste Hilsen
Hermed de ønskede Magnetiske Kurver;,"Hermed de ønskede magnetiske Kursow,"
Bestyreren.,Bestyreren.
gøre videre Oplysninger overflødige.,gøre videre Oplysninger overflødags.
Adam Paulsen,- blom Paulsen
Det danske meteorologiske Institut.,Det danske meteorologiske Institut.
Kære Professor Birkeland!,Kære Professor Bødreland!
Deres ærb. hengivne,Deres hengivne
Og vel er det saa at du gjemmer vel ei,Eg vel er det saa at du gjemmer vel ei
som er godt.,som er godt.
sender idag en hilsen til dig,sender idag en hilsen til dig
"Men guld i dit hjerte, og sol i dit blik","Men guld i det hjerte, og sol i dit blik"
Du stanser litt op paa den strævsomme vei,Du stanser flitt op paa den skærsomme vei
Og nu staar jo livet i høi sommerskrud,Og nu staar jo livet i høi sammen skund
og ser dig tilbake igjen.,og ser dig tilbake igjen.
Sendt fra Aalesund.,Smæt fra Aalesund.
det er solskin paa denne din dag.,det er solskin paa denne den dag.
og bakkete var den iblandt.,og bakkete var om iblandt.
Til mor 25/8 1922.,Til maa 25/8 1922.
fra Ola & Christian.,fra 8la 8 Christian.
"saa er det dog slik, alt vi husker om dig",saa er det dog det; alt vi husker om dig
Vi,Være
og glemmer den bitreste smag.,og glemmer den bituste smag.
Saa tømmer du mindernes bægere ud,Saa tømmer du mindernes vægne ud
det,det
de lyseste minder end blaat,de lyseste minder end blaat
Tusener gratulationer,Tusener gratulationer
Det var ikke roser paa veien du gik,Det var ikke roser paa veien du gik
allikevel altid vi fandt.,allikevel altid vi fandt.
og tankerne følger med din.,og tankerne følger med din.
er minder om,er minder om
Minda Kinck,Minta Kinck
Men saa morsomt det skulde været!,Men saa morsomt det skulde været!
og saa snilt av Dere at be os!,og saa snilt av Dere at be os!
Hjertelig tak for indbydelsen til at,Hjertelig tak for indbydelsen til at
feire sølvbryllup hos dere! Desværre ser det ikke,ture sølvbryllup hos dere! Desværre ser det ikke
Kjære Aanruds!,Kjære Aanruds!
eders hengivne,eders hengivne
Forhaabentlig blir Hans med paa,Forhaabentlig blir Hans med paa
moroen! Mange hilsener til alle fra,marsen! Mange hilsener til alle fra
Bestum - 21-10-18,Bestum - 21-10 - 18
Er oppe litt hver dag - men bortreise blir nok,Er oppe litt hver dag – men bortreise blir nok
umulig at tænke paa.,umulig at tænke paa.
ut til at jeg kan komme ut til den tid.,det til at jeg kan komme at til den tid.
Kobberstad.,Kobberstad.
yngste Søn paa førstkommende,yngste Tøn paa førstkommende
at Du vil gjøre mig den Tje-,at Du vil gjøre mig den Tje-
Gode Ven!,Gade Ven!
"Jeg beder Dig herved om,","Jeg beder Dig herved om,"
"Søndag. De andre, jeg har bedt, er","Tøndag. De andre, jeg har bedt, er"
J. Welle.,J. Welle
Kristiania den 26. Mai 1875,Kristiania den 26de Mai 1875
Din,Din
M. Aarflot og Seminarilærer,M. Aarflot og Seminarildrer
"neste, at staa Fadder til min","neste, at staa Fadder til min"
V. Haffner,V. Kaffner.
for Stortingets forsamlingssal av Eidsvoldsmanden,for Stortingets forsamlingssal av Eidsvoldsmanden
man herved overdra Dem utførelsen av et portræt,man herved overdra Dem utførelsen av et portræt
STORTINGETS PRÆSIDENT,STkvforINGersdenPne sidENI
J. Løvland,Høvland
præsident,parasident
Bergen.,Bergen.
Frøken Harriet Backer.,Frøken Harriet Backer.
av nærværende bestilling.,av nærværende bestilling.
inden 1ste april 1914.,inden 1ste april 1914.
I henhold til Deres brev av 10/4 skal,I henhold til Deres brev av 10/4 skal
KRISTIANIA den 9de mai 1913,KRISTIANia den 9de mai 1913
Peder Anker. Billedet forutsættes leveret senest,Peder stuker. Billedet forutsættes leveret senest
Man anmoder om Deres erkjendelse,Man anmoder om Deres erkjendelse
"gaaende Fruens Helbredstilstand,","gaaende Fruens Helbredstilstand,"
HANS MAJESTÆT KONGENS,Hans Majestær KonCens
at fremføre.,at fremføre.
VAGTH. CABINETSKAMMERHERRE.,VagTh. KASENeJsteAMMERHERRE.
H. S. Løvenskiold,H. S. Løvenskiold
Christiania Slot 28 Februar 1895,Christiania Slot 28 Februar 1895
Fru Camilla Collet,Fru Camilla Collet
født Wergeland,født Wergeland
har befalet mig at forespørge an-,har befalet mig at forespørge an-
Ærbødigst,Ærbødigst
hvilket jeg herved giver mig den Ære,hvilket jeg herved giver mig den Æred
Hans Majestæt Kongen,Hans Majestæt Kongen
atter uroligt Veir. Stærk Sirocco,atter uroligt Veir. Stærk Sirocio
komne frem. Senere har jeg,komme frem. Senere har jeg
er ogsaa ankommen.,er ogsaa ankommen.
"hos Schmitt, Nast & Co, og sen-",hos Schmidt Nast i C. og sen-
C. A. Myhlenphort,"""A. Myhlenphort"
Den idag modtagne Vexel har,Den idag modtagne Vexel har
Rom den 28 October 1882,Rom den 28 October 1882
I de sidste Dage have vi,I de sidste Dage have vi
der Dem vedlagt Beløbet -,der Dem vedlagt Beløbet -
en Fru Munthe & Frk Lunde fra,en Fru Munthe & Frkdunde fra
tilligemed D Herrers Nota.,tilligemed D Herrers Nota.
jeg ifølge Deres Ønske omsat,jeg ifølge Deres Ønske omsat
fl 235 er i østerrigske Banksedler,ùl 235 - i østerrigske Banksedler
Regn & Torden. Ankomne ere,Regn i Torden. Ankomne ere
"jeg med Fornøielse, at de af-","jeg med Fornøielse, at de af-"
Norge. Med venligst Hilsen,Norge. Med venligst Hilsen
to,No
Frk Ahlberg,Frkahlberg
kun afsendt,kun afsendt
til Dem & Familie fra os Begge,til Dem i Familie fra os Begge
sendte Postsager vare rigtigt,dendte Postsager vore rigtigt
Kjære Herr Doctor.,Kjære Herr Doctor!
Deres hengivne,Deres hengivne
Breve til Dem.,Brevetil Dem.
"som jeg modtog idag, erfarede",som jeg modtog idag erfarede
Af Deres Ærede af 25de,Af Deres Ærede af 25 d.
Apparatet paa næste Aars Budget.,Chkranalet paa næste aars Budget.
har jeg bestilt nye Penne. Vi har Under,har jeg bestelt nye Emne. Vi har ton-
"Kjære Collega,","Kjære Collega,"
Med Collegiets Tilladelse har,Med Collegiets Tilladelse har
CHRISTIANIA 15. December 1899,Christiania 15. December 1899
DET NORSKE METEOROLOGISKE,- DET NORSKE MæTERR ogiske
tiv Fugtighed som Haarhygrometer. Ligesaa,til Fuglighed som Haachop vonseter. Loven
Faar man høre noget om deres Arbejder?,Faar mon høre noget om deres arbejder?
"Jeg har regnet ud, i hvilken Højde Solstraalerne","Jeg har regnet ud, i hvilken køjde Solskaalme"
turde interessere Dem. Her er alt vel.,turde interessere Dem. Her er alt vel.
saa skal jeg sende Resultaterne. Det var v. Bezold som,saa skal jeg sende Besækkelerne. Det var v. Bezold som
Jeg sender Dem en fransk Afhandling om,Jeg sender som en fransk. Afhandling om
i Mørketiden skjærer Verticalen i forskjellige Bredder,i Mørheden skjærer triticalen i forskjellen middag
jeg bestilt et selvregistrerende Hygro-,jeg bestilt et selvregisbende Hygro-
og Datumer og Klokkeslet. Har de Brug for dette,og Dalamer og Klokkeslet. Han de Brug for dette
"Ballance, men har faaet Lov at telle","ballance, men har faaet Lov at tage"
"Luftelektricitetens daglige Periode, der","duftelekricitetens daglige Feriode, der"
satte mig paa det. Med venligste Hilsener deres,satte mig paa det. Med venligste kilsum deres
H Mohn.,Helvbr.
meter hos Richard. det registrerer rela-,meter hos Richard. detgelsbrev rela-
INSTITUT.,NSTTur.
"verkeren"" fredag den 7de april","verkeren"" fredag den 7de april"
Dr. Otto Anderssen,Di: Otto Anderssen
Jeg tillater mig herved paa,Jeg tillater mig herved paa
Kristiania den mars 1911.,Kristiania den mars 1911.
uttalelse om nævnte utkast.,uttalelse om nævnte utkast.
ha besigtiget det av billedhugger,ha besigtiget det av billedhugger
"nævnte komites møte i ""Haand-","nævnte komites møte i ""Haand-"
"sakkyndige komite at forespørge,","sakkyndige komite at forespørge,"
d. a. kl. 10 form. til avgivelse av,d. a. kl. 10 form. til avgivelse av
"voldsmonument, at delta i","voldsmonument, at delta i"
Herr billedhugger G. Vigeland.,Herr billedhugger G. Vigeland.
vegne av Eidsvoldsmonumentets,vegne av Eidsvoldsmomumentets
handel utstilte utkast til et Eids-,handel uktilte utkast til et tids-
Olaf Paulsen i Blomqvists kunst-,Olaf Paulsen i Blomqvists kunst
Ærbødigst,Ærbødigst
"om De skulde være villig til, efterat","om De skulde være villig til, efterat"
den sene besvarelse.,din sene besvarelse.
Først ved min hjemkomst fra Stock-,Først ved min hjemkunst fra Stock-
Det vil naturligvis være mig en ære og en,Det vil naturligvis være mig en dre og en
"indbydelse, hvorfor udtales min hjerteligste",indbydelse. hvorfor udtales min hjerteligste
glæde at modtage den elskværdige og hædrende,glade at modtage den elskværdige og hædrende
"Frimansgade 20, 1. 1895","Frimansgade 20, 1. 1895 -"
"relses brev, hvorfor jeg beder mig undskyldt","relses brev, hvorfor jeg beder mig undskyldt"
for Kvinder!,for Kvinder!
Fredag. 12te April.,Tredag. 12te April.
holm igaar modtog jeg den ærede Besty-,holm igaar modtog jeg den ærede Besty-
Til Bestyrelsen for Læseforening,Til Bestyrelsen for Læseforening
Tak.,tak.
Alvilde Prydz.,Alvide Bryde.
"bog: ""Blandt Nordpolens Naboer""","bog: ""Blandt Nordpolerer naboer"
at udtrykke min hjerteligste,at udtrykke min hjerteligste
"Eivind Astrup,",Fivind Astrup.
Tillad mig herigjennem,Tillad mig herigjennem
hvormed De flere gange har,hvormed De flere gange har
21/12-95.,21/12-95.
Eivind Astrup.,Givindigtstrup.
Christiania.,Christiania.
Til Verdens Gangs Redaktion:,Til Verdens Gangs Redaktion:
omtalt min nylig udkomne,omtalt min nylig udkomne
i Deres ærede blad,i Deres ærede blad
"tak for den store velvilje,","tak for den store velvilje,"
Deres ærbødige,Deres ærbødige
Christiania,(bei
Hr Litterat Ivar Aasen,Hr. Doktor Bydahl
men jeg maatte la fruen reise og betale,men jeg maatte la fruen reise og betale
kunne skaffe mig Whisky? Jeg trænger,kunne skaffe mig Wisky? Jeg trænger
"hende for hele gjæstespillet, som bestod","hende for hele gjæstespillet, som bestod"
"jeg havt prøve paa et stykke, saa","jeg hadt prøve paa et stykke, saa"
Din taknemmelige,Gjør Taknemmelige
men jeg haaper din frue ikke tar mig,"men jeg, hagser din fine ikke tar mig"
og drak. (Aandssvagt.) Sig mig du kan,og drak. (Aandsvagt.) Sig mig du kan
i at hun laa her i 8 dage og aat,i at hun laa her i 8 dage og aar
Jeg skrev til din hustru for,Jeg skrev til din hustru for
"ta op ""Storken"", og vi faar se om den","ta op, Storken og vi faar se om den"
ikke kan gjøre lykke nu. Lev vel,ikke kan gjøre lykke nu. Lev vel
TRONDHJEMS TEATER,TkONDONHjemselATER
nogle dage siden angaaende min datter,nogle dage siden angaaende min Aatte
det ilde op. Jeg har havt et farligt,det ude op. Jeg har hadt et farligt
Rasmus Rasmussen.,Niniens hensyn
"stræv med at faa sæsonen igang. ""Den",stræv med at faa Sæsonen igang. Den
ikke skaffe mig en forbindelse der,ikke skaffe mig en forbindelse der
"blev der en syk. ""Csardasfyrstinden"",","blev der en syk. Isærdasfyrstinden,"
Trondhjem den 21/8 1918,Trondhjem den 21/8 1918
Kjære Aanrud.,Kjære Aanrud.
da og hils din hustru.,da og hils din Hustru
"spanske"" har været fæl. Ikke før har",spanske har været fæl. Ikke før har
"med fru Otti Pegel skulle ha gaat først,","med gultør Paget skulle ha gaat først,"
"Karen. Det var kanske freidigt gjort,","Karen. Det var kanske freldigt gjort,"
lidt. I løpet av vinteren skal jeg,lidt. I løbet av vinteren skal jeg
THEATERCHEFEN.,TEATAere R b;EN.
Herr filol. Ivar Aasen!,Herr fuld. Svar Aasen!
(en Islænder),(en Tælænder)
Boende i: Pilestrædet No 3. III.,Roende i Pilestrædet No 3. III.
Christ...,Christ.
Geir Zoëga angående samme.,Leir troøga angående samme.
Páll Þorkelsson,Papporkelsen
"ordbog, tillige med mit: ""Svar"" til","ordbog, tillige med mit: ""Svar"" til"
Ærbødigst,Ærbødigst
"deres nordsk-danske ordbog, som","deres nordsk-danske ordbog, som"
er særdeles interessant for enhver,er særdeles interessant for enhver
dem det 1. hæfte af min islandsk-franske,dem det 1. hæfte af min islandskfranske
"af samme (ɔ: oldnorsk), understår","af samme (Vi oldnorsk), understår"
er jo at betragte som et afkom,er jo at betragte som et afkom
"jeg mig ærbødigst her ved, at oversende","jeg mig ærbødigert her ved, at oversende"
"Kristiania, 3./11. 1889","Kristiania, 3./11. 1889"
Da jeg har fornøjelsen at kende,Da jeg har fornøjelsen at kende
"Islænder, da det islandske sprog","Islænder, da det? islandske sprog"
Arkitekt,Arkitekt
H. Bull,H. Bull
Tel. 23608,"Tel. 23,00"
"Slutningsstavelsen bør have ""e""","Hutningsstaa elsen bør kove ""e"""
"undskylde det Bryderi, jeg for-","undskylde det Bryderi, jeg for-"
ærbødigst,Ærbødigst
Th. Plahte,M. Holse
Man vakler mellem:,Man vakler mellem:
"3) Avaldsnæs,","3. Avaldsuds,"
Herr Stipendiat I. Aasen!,flere Stipendiat S. Aasen!
"skriver Navnet ""Augvaldsnæs""","skriver Navnet ""etugvaldsnæs"""
Jeg haaber De er saa god at,Jeg haaber De er saa god at
om hvorledes man nu rettest,om hvorledes man nu rettest
volder. -,bolden. -
I Anledning af en Dissenti,I Anledning af en Dissents
"ikke ""æ"". -","ikke ""d"". -"
2) Agvaldsnæs og,2) Agvaldsnæs og
at udbede mig Deres Mening.,at udbede mig Deres Mening.
Tysvær Prestgd 1 Mai 1882,Fysvar Postyd 1 Mai 1882
"idet der hos Nogle formene, at","idet derhos Nogle fornem, at"
1) Augvaldsnæs,1) Angvoldsuds
tillader jeg mig ærbødigst herved,tillader jeg mig Ærbødigst herved
O. Blehr,O. Blehr
m. h. t. bestilling af buste af,m.h.t. bestilling af buste af
"det for ganske sikkert, at det","det for ganske sikkert, at det"
ikke er taget nogen bestemmelse,ikke er taget nogen bestemmelen
Hr. billedhugger Vigeland.,Hr. billedhugger Vigeland.
er villig til at overtage det. Men,er villig til at overtage det. Men
"faar dette arbeide, naar De","faar dette arbeide, naar de"
midler. Jeg skulde imidlertid være,midler. Jeg skulde imidlertid være
Ærbødigst,Ærbødigst
I anledning af ærede af 11te d. m,I anledning af rede af 11te d. var
"blir Dem, som i tilfælde","blir Dem, som i tilfælde"
forbunden for en meddelelse om,forhinden for en meddelelse om
hvad en saadan buste vilde koste. -,hvad en saadan bedste vilde koste. -
"meddeles, at der vistnok endnu","meddele, at der vistnok endnu"
til indsamling af de nødvendige,til indsamling af de nødvendige
der er endnu ikke foretaget noget skridt,derer endnu ikke foretaget noget skridt
Kristiania 17-10-1902.,Kristiania 17-10-1902
statsraad Lange. Jeg antager,stitsraad Lange. Jeg antager
overvære din Triumf,"overvære din Triumf,"
iaften sender jeg dig,iaften sender jeg dig
mig fra Pieridernes Fest,"mig, fra Peridernes Fest"
"paa Livets Vejkant, hvor","paa Livets Vejkant, hvor"
jeg tankefuld sidder og,jeg tankefuld sidder og
Kjære Svendsen!,Kjære Svendsen!
"Tak, fordi du kom!","Tak, fordi du kan!"
Forhindret fra at,Forhindret fra at
"domsvennen, hvis Harpe-","damsverinen, hvis Harpe-"
"disse Blomster, plukkede","disse Blomster, plinkkede"
Ungdomstid og om Ung-,Ungdomstid og om Ung-
drømmer om fagre,drømmer om fagre
Din hengivne,Din hengivne
23/11 1907,23/11 1907.
klang nu lyder ned til,klang nu lyder ned til
ved kastaliske Kilde-,ved kasteliske Kilde-
Theodor Løvstad,Mester Løvstad
væld. - -,væld. - -
Det glædede mig meget af aviserne at se om,Det glædede mig meget af aviserne at se om
gaa i opfyldelse. Jeg ønsker Dig dette af hele min,gaa i opfyldelse. Jeg ønsker Dig dette af hele min
dog meget alvorlig. Lev vel,dog meget alvorlig. Lev vel
14 Marts 03.,14 Marts 03.
vi kom til at skilles saa braat. Jeg var nemlig kun,vi kom til at skilles saa braat. Jeg var nemlig hun
p. t. Sigerfjord i Vesteraalen,p.t. Sigenfjord i Vesteraalen
190,130
kanonen. Det maatte være en stor glæde at se dem,kanonen. Det maatte være en stor glæde at se dem
NORGES FISKERISTYRELSE,NORSES FJSKERe BJØR Ke BLE
(CORRESPONDANCE OM DENNE SAG BEDES ADDRESSERET TIL AFDELINGEN DIREKTE.)," ""Ceressonance om denne saa gres adresserer nu avdelnsen omskre)"
"gjæstfrihed paa Island, som jeg ikke kunde undlade at","gjæstfrihed paa Island, som jeg ikke kunde undlade at"
"en dag i Kristiania, og mødte, som Du husker, nogle","en dag i Kristiania, og mødte, som Du husker, nogle"
sjæl for alt Dit slid.,gal for alt Dit slid.
Din hengivne,Din hengivne
Bergen den,Bergen den.
Johan Hjort.,Johan Hjort.
Dit foredrag og de store forhaabninger Du nærer til,Dit foredrag og de store forhaabninger Du nærer til
Jeg beklagede meget sidst jeg traf Dig at,Jeg beklagede meget sidst jeg traf Dig at
Kjære ven!,Kjære ven!
Jeg ligger her og bakser mod styggeveir og storm,Jeg ligger her og belæser mod styggveir og storm
"hilse paa. Jeg haaber, det ikke stødte Dig, og jeg havde","hules paa. Jeg haaber, det ikke stødte Dig, og jeg havde"
VIDENSKABELIGE AFDELING,"VidENSeHere ige Ane,LING"
haabet at se Dig igjen.,haabet at se Dig dygen.
"damer, som har vist mig og expeditionen saa stor","damer, som har vist mig og expeditionen saa stor"
"her begynder at lysne lidt, men endnu er situationen","her begynder at lysere lidt, men endnu er situationen"
kunde,lunde
"""Da Vigeland endnu ikke o. s. v""",Da Vigeland. endnu ikke jo.s.v
gikk.,gikk.
"denne reservasjon, med full forståelse av spørsmålets betydning for Dem, idet","denne vververne; med fuld fortale en opørsmåldets betydning til dem, idet"
Bonnevie,komvei
"Forøvrig reistes der, specielt fra dr. Martinsen,","Forøvrig reister der specielt fra dr. Martensen,"
ning av følgende passus i den av Bonnevie og Dem utarbeidede redegjørelse:,ning av følgende parus i den av Bonnerie og Dem utarbeide redegjørelse:
følte sig ikke sikker i,følt mig ikke sikker i
VIGELANDS FONTÆNE.,VigeHANDS FOR TANENE.
frem-,frem.
mig Deres standpunkt i sammenheng med den ovenfor nevnte erklæring.,missere Nordpunkt i sammenhæng med den overfor meget erklæring.
med på en sådan betingelse. Følgen vilde bli at også tilhengere av opstillingen på Tørteberg vilde komme,med på en sådan betingelse. Følger vel bli at også tilhenger av opstillingen på Tøvleberg vilde hanme
Det har heller ikke været,Det har heller ikke været
der.,der.
"Man fant det ønskelig at der forelå en bestemt skriftlig uttalelse fra Dem angående dette punkt,",Man havt det øielig at der fordi en helunt skriftlig utstille fra Dem angående dette umuld-
KOMITEEN FOR,KommTEN FOR
"utsmykning av broen og fonten uten ved Dem. Andre, som","utmylning av broen sig forlen uten ved Dem. Andre, som"
opstilling,opstilling
Kristiania den 14 juni 1924,Kristiania den 14 juni 1924
"som kunde følge saken til kommunestyret, så Deres standpunkt for dette spørsmål klart","som kunde følge nedre til kommun tilgut, nå Deres standpunkt for dette spørsmål selart"
Dem å utelate,Dem i utelal
så henseende og mente at reservasjonen burde bli stående.,"så henseende, jeg mente at vorvangene bind bli stående."
"Andre, som advokatene Næser og","Andre, men advokaten Naser og"
være forbundet med større betænkelighet for,erer forbundet med større belænkelighet for
Hr. Gustav Vigeland.,Hr. Gustav Vigeland
og Dedekam,og deres
"Nørregaard og formannen,","Nørregaard og formannen,"
"ende citat: ""Det må imidlertid være utelukket o. s. v."", idet man fant at bystyret vanskelig kunde gå","med intet i det nu imidlertid være utelukket må, det man fart at bygtiget vanskelig hunde jo"
å være utenfor rimelighetens grænser at noget bystyre vilde gå til skulpturell,å være utenfor rimelighetens graner at noget lystpar vilde gå til skenhjeberell
til å stemme mot,til å stemme mot
foreliggende forslag. Bystyret kan i sin tid helt anta eller...,foreliggende forslag. Rystyret kan i sin tid helt anta eller. -
fremholdt at det under denne sakens stilling ikke,"fremholdt, at det under denne rabens stilling ikke"
Jeg vil henstille til Dem å ta dette spørsmål under alvorlig overveielse og snarest meddele,Jeg vil hencielt til Dem å ta dette spørgsel under alvorlig overslar og snart meldle
Komitéen besluttet i sitt møte idag at formannen skulde henvende sig til Dem i anled-,"Komitien, besluttet i sitt møte slag at forvianme skulde henvende sig til Begge i anled-"
kunstnerens mening at Tørtebergplanens vedtagelse skal binde kommunen til å godta ennu ikke,lunstnerien mening at Tørtebergelenens vedtagelse skal binde kommen til å godte min ikke
innvending mot den siste del av ovenstå-,muvending mot den inte del av ovenstå-
de anså det,de anså det
Hr. sprogforsker I. Aasen!,Hr. sprogforsker d. Aasen!
"Skjønt jeg er dem personlig ubekjendt, håber",Skjønt jeg er dem personlig ubekjendt. Båbu
O Skattebøl,Skattebøl
"samling, faldt det mig ind, at jeg burde spørge","samling, holdt det mig ind, at jeg burde spørge"
"da jeg saa en liden notits i et blad om, at","da jeg saa en liden notits i et blod om, at"
Hr. H. Ross har begyndt at udgive en ord-,Hr. H. Ross har begyndt at udgive en ord-
ønske at faa min lille ordsamling.,ønske at faa min lille ordsamling.
"linjer, hvorledes jeg skal forholde mig.","linger, hvorledes jeg skal forholde mig."
"samle en del ord fra Hallingdal, hvilke","samle en del ord fra Hallingdal, hvilke"
Jeg har i nogen tid holdt paa med at,Jeg har i nogen Tid havt paa med at
Borge prestegd den 9 mai 1881,Borge pussigt den 9de mai 1881
"jeg dog de vil undskylde, at jeg henvender mig","jeg dog de nu undskylde, at jeg henvender mig"
"Dem, om De eller maaske Hr. Ross kunde","Dem, om De eller maaske Hr. Moss kunde"
ikke findes i deres ordbog; ligesaa er jeg i be-,ikke findes i dens ordbog; ligesaa er jeg i lu-
"Det er ikke ganske faa, jeg nu allerede har; og","Det er ikke ganske saa, jeg nu allerede her; og"
Jeg tør maaske bede dem om et par,Jeg tør maaske bede dem om et par
greb med at samle endel ord fra Lofoten.,grele med at samle endel ord fra dafaten.
til dem i nedenomhandlede sag.,til dem i medenomhænvende sag.
Ærbødigst,Ærbødigst
Kristiania 23 Marts 1893.,Kristiania 23 Marts 1893.
"er os saa meget kjærere, som den kom-","er os saa meget kjærere, som den kom-"
"Kr. 100, som De har delt mellem","Kr. 100, som De har delt mellem"
og hjertelige Tak for den Gave paa,og hjertelige Tak for den Gave paa
mer fra Dem.,mer fra Dem.
"der og Aftenhjemmet, en Gave, der","der og Aftenhjemmet, en Gave, der"
G. Finne,G. Frue
Gustav Jensen.,Gustav Janson.
Fru Camilla Collett.,Fru Camilla Collett.
"Nattely, den vordende Arbejdsstue for Kvin-","Nattelig, den vordende Arbejdreskue for kvin-"
Undertegnede bringer sin ærbødige,Undertegnede bringer sin ærbødige
Martha Brun.,Martha Brun.
Herr billedhugger Gustav Vigeland!,Herr billedhugger Gustav Vigeland!
Henrik Sørensen.,Henrik Sørensen.
"det ser kanske så ""jålete"" ud, sån at fare på et menne-","det ser kanske så ""jälete"" ud, som at fare på et menne-"
"stemt mig til at skrive til Dem, men hver gang","stemt mig til at skrive til Dem, men hver gang"
dette obligate krangel. Thi fontænen er vigtse end byen!,dette alligste krangel. thi fontænen er vigtse end byen!
"til at se ""fontænen"" reist, hvor - er det mig det sam-","til at se ""fontænen"" reist, hvor - er det mig det sam-"
Deres ærbødige,Deres ærbødige
"Jeg har nu efter hvert besøg i Deres atelier, be-","Jeg har nu efter hvert besøg i Deres atelier, be-"
"skjønneste manifestationer af livet i og om os, men-","skjønneste manifestationer af livet i og om os, men-"
"nesker. - Jeg glæder mig mere end De kan tro,","nesker. - Jeg glæde mig mere end se kan tro,"
"Kristiania, 19 april 1916.","Kristiania, 19 april 1916."
me - bare det blir - og at det blir snart og uden,me - bare det blir - og at det bli snart og uden
bedste tak for en af de største oplevelser i mit,bedste tak for en af de største oplevelser i mit
liv. - Deres kunst står for mig som en af de,liv. - Deres kunst står for mig som en af de
Ta ikke disse linjer ilde op.,Ta ikke disse linjer ilde op.
"ud på de grå eftermiddager er det kommet for mig, at","ud på de grå eftermiddage er det kommet for mig, at"
"Men idag randt jeg over, og De får tænke, hvad De","Men idag randt jeg over, og De får tænke, hvad de"
"ske, man ikke kjender - med sin begeistring.","ske, man ikke kjende - med sin begeistring."
"vil, - men jeg må hermed få si Dem min aller","vil, - men jeg må hermed få si dem min aller"
Idet foreningens bestyrelse den 7/3 1894 har vedtaget de av,Idet fremmigens besyrelse den 7/3 1894 har vertigel se av
Vigeland for støbning i bronce eller udførelse i andet materiale opstillede,Vigeland for Holning i brevne eller urførelse i andet materiale opstillere
"brev fra billedhugger Vigeland av 13/12 1893 vedrørende salg til ""Foreningen",hver fra hellerhuggen Vigeland er 10/12 1893 vedrømme talg tilstrømningen
"til Nationalgalleriets forøgelse"" av originalmodellen til gruppen ""Forbundet""","til Nationalgallaerets forøgelse: av originalmindelen til gruppen ""Forbandel-"
udelukket og vil kunne medføre strafansvar. -,uvelukket og vil kunne medføre strafansvar. -
Fr. Gundersen.,Fr. Gundersen.
Hr direktør Thiis.,Hr direktør Thiis:
betingelser er den paatænkte støbning uden hr Vigelands samtykke,betingelser er den paatænkt slutning siden til Vigelands samtykke
Ærbødigst,Ærbødigst
Jeg tillader mig herved at oversende i avskrift,Jeg tillader mig herved at omsende i avskrift
Kristiania 20/10 1922,Kristiania 20/10 1922
gått med til foredrag Sverige rundt og til arbeide for,gått med til foredrag Sverige rundt og til arbeide for
lykkelige for at få arbeide med.,lykkelige for at få arbeide med.
"da jeg var hos fru Wyller, i Stockholm, kom det brev fra dig","da jeg var der fra skyller, i Stockholm, hvor det lever fra dig"
"på Högfors, dit reiser vi imorgen, til Vivekas søster. - Fru Wyller","på Høgfors, dit reiser vi imorgen, til Viveker søster. - Fru skyller"
"Hjemme, i Norge, sætter de hårdt mot hårdt, mere","Hjemme, i Norge, sætter de håndt mot hårdt, mere"
"forlængst er hjemme, fikk jeg brev og hans nye bok; den er","forlængst er hjemme, fikk jeg brev og hans nye levle; den er"
Ett godt nytt år ønsker jeg dig! Jeg har været hos fru,Ett godt nytt år ønsker jeg dig! Jeg har været liv fra
vår og spurt mig efter dine lange veier. Jeg tror du kan,vår og spurt mig efter dine lange veier. Jeg tror du han
"av dagene, eller kanske alle, og mintes den underlige reisen","av dagene, eller kanske alle, og mindes den underlige reisen"
Din,Din
"Uppsala, Luthagsesplanaden 25, d. 20.12.1940","Uppsala, Luthagsesplanaden 25, d. 20. 12. 1940"
"hjælpe Norge, der du er. Her prøver vi at gjøre vårt beste.","hjælpe Norge, der du er. Her prøver vi at gjøre vårt beste."
"Lyttkens og læst dine brev, så jeg vet litt om dig. Og igår,","Lytthens og læst dine brev, så jeg vet litt om dig. Og igår,"
"ulæst inntil videre (av mig), men kanske jeg tar den i julen","ulæst inntet videre (av mig), men kanske jeg tar den i julen"
"hilser så meget. Vi holder oss her og klarer oss, og er","hilser så meget. Vi holder oss her og blarer oss, og er"
"nu om Anders for ""Ord och Bild"". - Stina og barnene",nu om Anders for «Ord och Bild». - Stina og barnene
"blev så glad for ditt brev! Hun er tapper, stor. Jeg skriver","blev så glad for ditt lærer! Hun er tapper, stor. Jeg skriver"
anderledes enn i sommer. Man forstår bedre og er blitt modigere.,anderledes enn i sommer. Man forstår bedre og er blitt modigere.
"kommet hit, men fikk ikke nu. For en måned siden (og mere)","kommet blit, men fikk ikke nu. For en måned siden (og mere)"
Norgeshjælpen her. Men jeg har jo tænkt på dig de fleste,Kongenhjælpen her. Men jeg har jo tænkt på dig de fleste
og mere. Fra venner hører jeg. Lille-Sigrid (Thomas) skulde,og mere. Fra venner hører jeg. Lille-Sigrid (Alvornas) skulde
"Og svensk stemning er en ""tillgång"" for Norge nu, ganske","Og svensk stemning er en ""tillgång"" for Norge nu, ganske"
Kjære Sigrid!,Kjære Sigrid!
"til henne. Selv har jeg været dårlig til at skrive, tiden er","til henne. Selv har jeg været dårlig til at skrive, tiden er"
Fredrik Paasche.,Fredrik Paasche.
"kom en datter av Georg Morgenstierne. - Fra Falkberget, som","hvor en datter en Gang Morgenstierne. - Fra Falkberget, som"
POST- JERNVEI- & TELEGRAF ADRESSE,Fost-æRNvei-8 TneLEGRar adRESS
"sine Skuldre, da antager jeg at De kjender baade","dine Skuldre, da antager jeg at De kjender baade"
fri at bede om Deres Udtalelse og Formening,fri at bede om Deres Udtalelse og Finmening
"angaaende denne Sag, thi hvis Arne Garborg","angaaende denne Sag, thi hvis Arne Garborg"
KORSBAKKEN DEN 10de April 1877,KORSBakken den 10de April 1877.
sig som væsentlig Opgave at arbeide for vort Folks Oplysning,dig som nædentlig Opgave at arbeide for vort Folkes Ophydning
"Med Posten igaar modtog jeg, - under Korsbaand -",Med Loaten igaar modtog jeg - under Korshavn)
"muligens fremmede Sprogsagen, da skulle det","muligens fremmede Sprogdagen, De skulle Gut"
"- for Sagens Skyld - vil undskylde, at jeg er saa",- for Sagens Skyld - vil undskylde at jeg er dem
Helge Væringsaasen,Helge Væringdensen
"Med venlig Hilsen, tegner høiagtningsfuldt","Med venlig Hilsen, tegner høiagtningsfuldt"
"aldeles ukjendt Navn, saa haaber jeg at De,","aldeles ukjendt Navn, som haaber jeg at De,"
"Student Arne Garborg, og dette er et for mig","Student Arne Garborg, og dette er et for mig"
"""officielle"" Orthografi bliver dog Landsmaalet"".","""officielle"" Orthografi bliver dog Landsmaalet""."
Hr. Ivar Aasen,Hr. Ivar Anden
ham og dette paatænkte Foretagende.,ham og dette paatænkte Foretagende.
"Hvis ""Fredheimen"" ""kunde gjøre sig til almindelig Organ","Hvis ""Fredheimen"" kundre gjøre dig til almindelig Pag-"
"til Udgivelse af et Ugeblad, ""Fedreheimen"", ""der stiller","til Udgivelse af et Ugeblod, ""Fedreheimen"", ""der striller"
og forbindtligst,og forbindtligst
"Da der imidlertid anføres at ""Redaktionen ledes",Du der imidlertid anføres at «Redaktionen ledset
HELGE VÆRINGSAASEN,HelGE VæRINGSASEN
"og Udvikling paa den hjemlige Nationalitets Grund"", betjenende","og Udvikling paa den hjærtelige Nationalitets Grund"", betjenerne"
være en Fornøielse at træde til.,være en Fornøielse at træde til.
kunde have Sandsynlighed for at man støttede og,kunde have Bondrag udighed fra at man sluttede og
og man ved at støtte Aktietegningen tillige,og man ved at støtte Antieligningen tillige
Christiania!,Christiania!
skulle være Manden til at tage denne Sag paa,skulle være Manden til at tage denne Sag Gun
"(indtil videre anonymt) af "" Indbydelsens Undertegner","(iendtil vedre anonymt) af ""Indbydelsens Undertegner"""
"en ""Indbydelse til Actietegning"" i et ""Actieselskab""","en ""Indlydelse tilavietegning"" i et ""Aetiedelshale"""
ELVERUM.,ElVERùM.
"""sig af selve det norske Bondefolks eget Sprog"", - ""Redak","sig af selve det norske Bonde folks eget Sprog, - Redakal"
"for den nye norske Sprog- og Nationalitetsbevægelse""",for den nye norske Sprog- og Nationalitetsbevægelse
Consul Tho. Joh. Heftyes jordefærd,Consul Tho. Joh. Heftyes jordefærd
"reningen"" hædrede min mand,","reningen"" hædrede min mand,"
"den smukke maade hvorpaa ""Læsefo-","den smukke maade hvorpaa ""Læsefe-"
Til,Til
frembære min og mine børns tak for,frembare min og mine børns tak for
Frognæs d. 11. Oktober 1886.,Fragnad d. 11 Oktober 1886.
født Meyer,født Meyer
Ærbødigst,Ærbødiget
"""Læseforeningen for Kvinder""!","""Læseforeningen for Kvinder""!"
Marie Heftye,Marie Heftye
kiste.,kiste.
Jeg tillader mig herved at,Jeg tillader mig herved at
ved at lægge en krans paa hans,ved at lægge en krans paa hans
som hans samlede Skrifter.,som hans samlede Skrifter
dette mit Forsøg i den forønskede Grad,dette mit Forsøg i den forønskede Grad
Digteres Arbeider fra den første Tid,Digteres Arbeider fra den første Tid
I længere Tid har jeg forsøgt at,Stangere Tid har jeg forsøgt at
[21.7.1882],(21.7. 1882)
Kjøbmand H. H. Krohn,Kjøbmand H. H. Krohn
Kunstneralbum. I denne Anledning,Komstneralbum. I denne Anledning
vil imødekomme mit Ønske om,vil imødekomme mit Ønske om
"fuldført, er jeg nu begyndt  at","Juleført, er jeg nu begyndt at"
samle samme Digteres Billeder i et,samle samme Digteres Billeder i et
Adresse:,førresse.
"derved kunde se min Ide realiseret,","derved tunde se min Ide realiveret,"
i Ærbødighed,i Ærbødighed
Bergen.,Bergen.
"vendelse til Dem, om De godhedsfuld","vendelse til Dem, om De godhedsfuld"
samle til min Bogsamling alle norske,samle til min Bogsamling alle norske
nemlig at have saavel Digterens Portræt,nemlig at have saavel Digterens Portrag
Med megen Atgtelse,Med megen agtelse
"Portræt, paa hvilken Maade jeg","Portræb, paa hvilken Haade jeg"
er jeg herved saa fri at gjøre en Hen-,er jeg herved saa fri at gjøre en Hen-
Mathias Askevold,Mathias Askevold
indtil nu. Efter omtrent at have faaet,indtil nu. Efter omtrent at have faaet
Bergen den 21de Juli 1882,Bergen den 21de Juli 1881
muligen at kunne erholde Deres,måligen at kunne erholde Deres
Hr Ivar Aasen!,Hr Svar stasen!
arbeide med korbue-,arbeide med korbue-
Harald Brun,Harald Brun.
kroner - for mit,kroner - for mit
Kristiania 25/10 1910.,Kristiania 25/10 1910.
- skriver to hundrede,- skriver to hundrede
Har idag modtaget,Har idag modtager
Domkirke. -,Domkirke. -
figurene til Trondhjems,figurene til Trondhjems.
restbeløbet kr 200 -,restbeløbet kr 200 -
"jeg mange Hilsninger til Dem, - og taler vi ret ofte om Dem. -","jeg mange Helsninger til Dem, - og taler vi ret ofte om Dem. -"
Kunstnerlivet og Kunst Aanden mere kan opmuntres end i,Kunstnerlivet og Kunst Aanden mere kan opmuntres ind i
"Dresden, hvor ingen af Delene kan anbefales, - thi naar Dahl og","Dresden, hvor ingen af Delene kan anbefales, - thi naar Dahl og"
Deres Th. Fearnley,Deres Th. Fearly
jeg ei give nogle interressante Beretninger om hvad der passerer,jeg ei give nogle interessante Beretninger om hvad der passerer
"Böhmen, til München og tænker jeg i Sommer at ligge i det Salz-","Bøhmen, til München og tænker jeg i Sommer at ligge i detkabn-"
Jeg bliver i det Hele Bestyrelsen af Tegneskolen meget forbun-,Jeg bliver i det hele Bestyrelsen af Tegneskolen meget forbun-
"Fornøielser; for at kunne komme bort herfra. - Fra Dahl, har","Fornøielser: for at kunne komme bort, herfra. - Fra Dahl, har"
Udstillingen interresantere. - Dog dette overlades ganske til De der,Udstillingen interesantere. - Dog dette overlades ganske til 2 der
"den, for Tilladelsen at benytte Tegneskolens Locale, - hvilket","den, for Tilladelsen at benytte Tegneskolens Locale, - hvilket"
"at jeg siden min Afreise fra Norge, ei har givet en Lyd fra mig,","at jeg siden min Afreise fra Norge, ei har givet en Lyd fra mig,"
naturligviis bliver mig en betydelig Lettelse. - Ogsaa kommer,naturligviis bliver mig en betydelig Lettelse. - Ogsaa kommer
solgt i Hamburg. - Udlægget vil Her Andresen erlægge for mig.,solgt i Hamburg. - Udlægget vil Her Andersen erlægge for mig
"i den tydske Kunstner Verden, - og saa synderlig opbyggende, som","i den tydske Kunstner Verden, - og saa synderlig opbyggende, som"
Da jeg haaber at min Udstilling kommer i Stand i Christia -,Da jeg haaber at min Udstilling kommer i Stand i Christiania
"hele Humeur forstemt, som det altid gaaer mod en Reise, - kan","hele Humeur forstemt, som det altid gaaer mod en Reise, - kan"
"af Dresden, og min store Søestorm; hvis samme ei skulde blive","af Dresden, og min store Søestorm. hvis samme ei skulde blive"
med fortrinlig Agtelse og Venskab -,med fortrinlig Agtelse og Venskab -
pathie mod Pen og Blek. - Endeligen er jeg nu kommen saa,pathie mod Pen og Blæk. - Endeligen er jeg nu kommen saa
"lerier som kunde behøves, saasom mit Gaustad, - Prospecten","lerier som kunde behøves, sansom mit Gausstad, - Prospecten"
"Jeg skulde vel begynde med en hel Hoben Undskyldninger for,","Jeg skulde vel begynde med en heel Hoben Undskyldninger for,"
"men De kjender nu min svage Side engang, og veed at det ei er Lige-","men de kjender nu min svage Side engang, og veed at det ei er Lige-"
"at lugte Saltvand og trækker mig i Vinterquarter i München, - hvor","at lugte Saltvand og trækker mig i Vinterquarter i München, - hvor"
Friedrich undtages staaer...... (revet bort) langt over. - Jeg har,Fredrich undlages staaer.... (revet bort) langt over. - Jeg har
"lykkes, da tænker jeg at gaae ned til det adriatiske Hav, for igjen","lykkes, da tænker jeg at gaae ned til det avriatiske kan, for igjen"
man i Norden troer vilde det heller ikke blive - og maae De derfor,man i Norden troer vilde det heller ikke blive - og maae De derfor
Dresden den 15de Junij 1830. -,Dresden den 15de Junig 1830. -
"gyldighed som kan være Aarsag dertil, men blodt min fordømte Anti-","gyldighed som kan være Aarsag dertil, men blodt min fordømte Anti-"
"hvilke, om man saa synes deroppe kunde bidrage til at gjøre","hvilke, om man saa synes deroppe kunde bidrage til at gjøre"
"burgske, og hvis min Plan med Udstillingen i Norge ei ganske mis-","burgske, og hvis min Plan med Udstillingen i Norge i ganske mis-"
"denne Vinter malet meget, men.... (revet bort) nægtet mig alle","denne Vinter malet meget, men... (revet bortil) nægtet mig alle"
"holde mig det tilgode, - - og nu et Lev vel. -","holde mig det tilgode, - - og nu et Lev vel. -"
vidt at jeg kan tænke paa Syden. - Paa Løverdag gaaer jeg gjennem,vidt at jeg kan tænke paa Syden. - Saa Løverdag gaaer jeg gjennem-
Bedste Herr Flintoe!,Bedste Herr Flintoe!
"tager sig af Sagen. - Da Tiden nu er saa knap for mig, og mit","tager sig af Sagen. - Da Tiden nu er saa knap for mig, og mit"
"en Deel gamle Malerier op, hvilke jeg for (Student?) Hefty har kjøbt,","en Deel gamle Malerier op, hvilke jeg for kunde heftig har kjøbt,"
"har jeg en Bøn til Dem, om De vil være saa god fernesse de Ma-","har jeg en Bøn til Dem, om De vil være saa god forresse de Ma-"
godt Nytaar!,godt Nytaar!
"ikke mere, da Du kan tænke Dig hele","ikke mere, da Du kan tænke Dig hele"
gaa i en sikker Laas!,gaa i en rikker Lads!
"Beret, Barna hilser, men jeg skriver","Berst, Barna hilser, men jeg skriver,"
"hændede Aftenselskaper, Vin og Piger","hændede Aftenretskaper, Vin og Piger"
Maatte alle Dine dristigste Ønsker,Maatte alle Dine drigtigste Ønsker
"Din Dig i dette og tilkommende Liv,",Din Dig i dette og tilkommende Liv.
Hagan 31/12.1919.,Hagen 31/12. 1919.
"Resten, mye bedre!","Resten, nye bedre!"
Og tusin Takker for Dine altid rund-,Og trin Takker for Dine altid rund-
und Gesang!,med Gesang!
Chr. Skredsvig,Chr. Skrichvig
Evige og kjære Inga!,Evige og kjære Inga!
"meg ""Müllers Saga-Bibliothek"" 1ste Bind,","meg ""Müllers Saga-Bibliothek"" 1te Bind"
um eg skulde freista med eitt Fyreord,inn eg skulde freista med sitt Fyreord
"Ulefos,",Ulefos
"til ""Viglund""? Takk fyr Dykkar Råder;",til Viglund? Takk fyr lykkar Røder;
Matias Skar.,Mathias Skar.
eg skal fylgja deim. Med venleg Helsing,eg skal fylgja deim. Med venleg Helsing
Bustad:,Bustad:
Skien.,Skien.
Ivar Aasen.,Ivar Aasen.
Kunde De gjera meg den Tenesta å senda,Kunde De gjera meg den Tenesta å senda
30/5 74.,30/5 74.
"borte paa Eriks fang, det er en smærte saa",boet jeg han Eriks fald. Det er en smerte saa
"seet eller hørt, - den sidste dag kjændte han","seet eller hørt, - den sidste dag kjændte han"
havde faaet 4 tænder og vi troede det værste,havde faaet 4 tænder og vi troede det værste
"naar du hørte, at vi havde mistet vor deilige","naar du hørte, at vi havde mistet vær deilige"
"og glade herude hos os -. Det var krampe, han","og glade herude hos os -. Det var krampe, han"
"Kjære, kjære Kitty.","Kjære, kjæære Kitty"
"var over - du skulde seet ham, naar Erik",var over - du skulde seet ham naar Erik
Jeg vidste nok at du vilde blive bedrøvet,Jeg vidste nok at du vilde blive bedrøvet.
"døde af, noget saa forfærdeligt har jeg aldrig","død. af, noget saa forfærdeligt har jeg aldrig"
"eller jeg kom ind i barnekammeret, saa","eller jeg kom ind i barnekammeret, saa"
hværken papa eller mama og sovnede rolig,hværken papir eller nævne og søvnede rolig
lille gut. Idag er det 14 dage siden han døde -,lille gut. Idag er det 14 dage siden kun døde -
skreg han høit af glæde og strakte ud sine,skal han høit af glæde og strakter ud sine
smaa arme. - Vi var saa uendelig lykkelige,"smaa anne, - Vi var saa uendelig lykkelige"
"og det er saa forfærdeligt, aa Kitty han var","og det er saa forfærdeligt, aa Kitty han var"
16. febr. 1887,16. febr. 1887
"min fryd, - han var saa stor og deilig nu,","min fryd, - kan veir saa stor og deilig nu,"
22 juni 1935.,22 juni 1935
"inderlige deltagelse i den sorg, som har","viderlige deltagelse i din sorg, som har"
en av Norges store malere gåt bort. Hans,en av Norges store malere gåt bort. Hans
omfattet jeg hans Kunst med den største,omfattet jeg hans Kunst med den største
Til familien Sohlberg.,Til familien Sohlberg.
Lillehammer,Lillehammer
skole vinteren 1894 men siden var det meget,"skole vinteren 1894, men siden var det meget"
Kristen Holbø.,Kristen Holbø.
at Harald Sohlberg er død. Med ham er,at Harald Sohlberg er død. Med ham er
rammet Dere. Hans død er et stort tap,rammet Dere. Hans død er et stort tap
lignet ikke på nogen og ingen har lignet,lignet ikke på nogen og ingen har lignet
interesse. Hans billeder har etset sig ind,interesse. Hans billeder har etset sig ind
ham. Vi var jevngamle og gik sammen,ham. Vi var jevngamle og gik sammen
Med venlig hilsen,Med venlig hilsen
indsats i Norsk Kunst er meget merkelig.,indsats i Norsk kunst er meget merkelig.
på Eilif Petterssens og Harriet Backers maler-,på Eilif Pettersgens og Harriet Backers maler-
Deres ærbødige,Deres ærbødige
for norsk Kunst.,for norsk Kunst.
skjelden jeg traf ham. Men altid senere,skjelden jeg traf ham. Men altid senere
Jeg vil herved gjerne gi uttryk for min,Jeg vil herved gjerne gi uttryk for min
Det er med vemod jeg har læst,Det er med vemod jeg har læst
i erindringen ved sin voldsomme personlige,i erindringen ved sin voldsomme personlige
"Han står steil og ensom i sin Kunst, han","Han står steil og ensom i sin kunst, han"
"opfatning, sin prakt og sin steile egenart.","opfatning, sin prakt og sin steile egenart."
gamle aar,"gamle aa, -"
"og alting omkring sner inde,","og alting omkring sner inde,"
Om fonnerne vokser saa togene staar,Har du formenerne vokser saa togene staar
en hilsen med tak for det,en hilsen med tak for det
"Aagot, Maia, Elling Holst.","Aagot, Maia, Elling Holst."
"og ønsker for det, som vi foran staar,","og ønsker for det, som vi foran staar,"
Høvik Nyaarskveld.,Høvik Nyaarskveld.
vi sender for veir og vinde.,vi sender for veir og vinde.
Den skal nok vennerne finde!,Den skal nok vennerne finde:
kun Ensomheden. Gud,kun Ensomheden. Gud
den sidste og dyrebareste har,den sidste og dyrebareste har
skal jeg gaa. Kjære Camilla,skal jeg gaa. Kjære (smilla
Deres søde Brev er mig,Deres søde Brev er mig
ganske som uden Fodfæste,ganske som uden Fodfæste
"Mennesker, som Alle ere borte!","Mennesker, som Alle ere borte!"
Agnes Kjerulf,Agnes Kjerulf
disse elskelige letbevægelige,disse elskelige lettevægelige
Krist. 14.12.88,Kriv. 14-12.88
De har staaet dem Alle nær -,Da har staaet dem Alle nær-
"usigeligt kjært, jeg har læst","usigeligt kjært, jeg har læst"
"efterladt mig Stakkel, jeg er","efterladt mig Dækket, jeg er"
"jeg er som hjemløs, hvorhen","jeg er som hjemløs, hvorhen"
"er forfærdelig, og dog vil jeg","er forfærdelig, og dog vil jeg"
det om og om igjen. Ak ja -,det om og om igjen. Ak ja-
hjelpe Deres hengivne,hjelpe Deres hengivne
saadant Tab? Ensomheden,saadant tab? Ensomheden
hvorledes lever man efter et,hvorledes leved man efter et
ærbødigst,Ærbødigst
Da jeg ikke tør indlade mig paa at afgjøre,Da jeg ikke tør indlade mig paa at afgjøre
paa Kongsberg Marked for en Del Aar tilbage,paa Kongsberg Market for en Del Aar tilbage
har spurgt mig hvad der er korrektest at lade,har spurgt mig hvad der er korrektalt at lade
at lade mig høre Deres Mening.,at lade mig høre Deres Mening.
en Hallingdøl (der bliver indtaget i en Pige paa Mar-,"en Hallingdøl (der bliver indtaget i en Pige paa Mar,"
Er Du hugen paa at være osv.,Er Du hugen paa at være op. -
"En af vore Forf., der beskriver en Scene","En af vore Forf., der beskrive en Scene"
"Hr Aasen, med venlig Anmodning om godhedsfuld","Hr Aasen, med verdig Anmodning om godhedsfuld"
"dette Spørgsmaal, tillader jeg mig i Ærbødighed at hen-","dette spørgsmaal, tillader jeg mig i Ærbødighed at hen-"
"Kristiania, 7 Oktober 1884.",Kristiania 17 Oktober 1884.
(Eier af Mallings Boghandel.),(Eier af Hallings Boghandel.)
Ivar Aasen.,Svar Aasen.
"kedet) sige enten ret og slet: ""Vil Du væra Jenta mi,","kidd)sige enten ret og slot: ""Vil Du være Jenta mi"","
Med Høiagtelse og Forbindtlighed,Med Høiagtelse og Forbindtligheds
"vende mig til den bedste Autoritet paa dette Felt,","vinde mig til den bedste Autoritet paa dette Felt,"
G. Kr. Johs. Parmann,G.Kr. Johs. Tarmann
"Du?"" - eller bruge en anden Udtryksmaade, f. Ex.","Du?"" - eller bruge en anden Udtrykadelf. Ca."
Herr Universitetsstipendiat,Herr Universitetsstipendiat
Hev Du Hug til at væra Jenta mi' Du?,Hev Du Heeg til at være Jenta mi Du?
vel halde oss saa nokolunde a jour med,vel holde os saa nokslunde ajaar med
Eg ventar det beste var nok om for-,Jeg noter det vilde nok om for-
mannen skreiv til dei om dette.,mennen skrev til du om dette.
Eg kunde vel ha raad til aa kjøpe ein del.,Eg kunde vel ha raad vil en hjøpe sin del.
din,din
meg lite om? Var det for mykje aa,mig lite om? Var det for muligt om
kjem ut her til lands. Men for oss som,hjem at her tillands. Men for oss som
det av skjønliteratur som til kvar tid,det av skjønliteratur som til kvar tid
"krevje at vaare største forlag, Aschehoug,","krævje at vaare største forlag, Aschehoug,"
Vi som er medlemer i dette utvalget burde,Vi som er medlemer i dette utvalget burde
"Det var ein liten ting eg kom til aa tenkje paa,","Det var sin liten ting og kom til aa hurtige paa,"
mannen i det sakkyndige utvalg. -,mannen i det sakkyndige utvalg. -
Kjære Hans Aanrud!,Kjære Hans Aanud!
Men kvifor skal eg det naar det kjem ein,Men konfor skal jeg det naar det hjem ein
utvalg alle skjønliterære bøker som dei,utvalg alle skjønliterære bøker om dei
Med hjarteleg helsing,Med hjertelig hilsen
heil brote bøker kvart aar som eg bryr,heil brate bake kraft over dem og bryt
"Norli, Gyldendahl og Cammermeyer kvart","Noli, Gyldendahl og Cammermeyer Kraft"
bor borti avkrokane er dette dyrt og,har borti avskene er dette dybt og
og som eg gjerne vilde nemne for for-,og som og gjerne vilde henvæ for for-
aar sendte medlemene i det sakkyndige,var sendte mellemene i det sakkyndige
Sven Moren.,Som Norm.
gir ut?,gir ut?
Trysil 13.11.19.,Tusind 18.11.19.
"vandskeleg! Ja, for meg er det mest uraad.","vandskelig! Ja, for mig er det mest uraad,"
Ærbødigst,ærbedigst
Fru Professorinde Aubert.,Fru Professominde Aubert.
"Kvinder"" ydes, uden at det sæd-","Kvinder ydes, uden at det silde"
fuldkommen frie Hænder.,fuldkommen frie Veireder.
"til Hinder for, at H. M. Kongens","til Hinder for, at H. M. Kongens"
Med udmærket Høiagtelse,Medvismertet Høiagtelse
FRØLICH.,FORL ich.
Theodor Frølich,Hunder Frølich
"Lærerinder, opretholdes. Det","Læserinder, oprettesldes. Det"
"se af Bibliotheket, finder jeg","se af Bibliotheket, finder jeg"
anvendes til Fripladse for,anvendes til Friplasse for
"sættes, saa har Bestyrelsen","sættes, at har Bestyrelsen"
Kristiania 16de Marts 1895,Kristiania 16 Marts 1895
"vanlige Tillæg om, at det skal","vanlige Tillæg om, at det skal"
meget heldigt.,"meget heldigt,"
FØRSTE HOFMARSKALK,FØRSTe FORMaksKalk
"Bidrag til ""Læseforeningen for","Hidrog til ""Luseforlningen for"
"greieste er, at ingen Betingelse","greieste er, at ingen Retsnyelse"
At Beløbet anvendes til Forøgel-,At Beløbet anvendes til Forøgel-
Der er fra min Side intet,Der er fra min Side intet
"tillade mig at tilbagemelde, at der fra min hustru og min","tillade mig at tildagsmelde, at der fra min hustru og min"
I ærbødighed,I ærbødighed
"at opføre ""Samfundets Støtter"" på min hustrus","at opføre ""Samfundets Støtter"" på min hustrus"
THEATERCHEFEN.,THEATERTHEEN.
Johan Fahlstrøm,Johan Johan Børn
kun,kun
FAHLSTRØMS THEATER.,FahlSTRæmsTHEATER.
Ibsens store godhed.,Ibsens store godhed.
FRA,Faa
Hr dr. Ibsen,Hr dr. Ibsen
KRISTIANIA D. 16 Januar 04,Kristiania D. 16 Januar 04
Som svar på Deres høit ærede skrivelse skal jeg i ærbødighed,Som svar på Deres høit ærede skrivelse skal jeg i ærbødighed
Jeg gjentager min hustrus og mine hjertelige taksigelser for hr. doktor,Jeg gjentager min hustrus og mine hjertelige taksigelses for hr doktet
jubileumsdag 6te april.,jubileumsdag 6te april.
udtrykkelige tilladelse til,udtrykkelige tilladelse til
side ikke foreligger nogen misforståelse med hensyn til hr. doktorens,side ikke foreligger nogen misforståelse med hensyn til hr. doktorend
"og Arnor av Magasjuke, som","og Amor av Magaske, som"
tjent nokso bra. Kunde I,tjent nokså bra. Kunde I
"søkkja længre, enndaa eg","røkkja længre, enudaa eg"
fekk Skuldi mi til Dykk.,fikk Skulde nu til Dykk.
Dykkar Jon Flatabø.,Lykkar Jon Flatabø.
er 4 ½ og 1 ½  Aar. No er det,er 4 1/2 og 1½ Aar. No er det
Begge Smaagutarne mine,Begge Smaagutarne mine
"her, Olav og Arnor, hev vore","her, Olav og Armor, hev vore"
Hr. Riksstipendiat,Hrr. Riksstipendiat
no vera so gild mot meg enno,no læse so gild mot meg enno
ei Gong at senda med Kjeringi,ei Gang at senda med Kjerings-
han ligg klein av enno. Dei,han ligg klim av enno. Dei
sagta fegjen.,sagta fegjen.
i dei sista Vikurne hev,i dei sista Vikurne hev
Ivar Aasen!,Ivar Aasen!
Kra. 21.11.93.,Kr. 21.11.92.
"og Medicin, at det inkje vil","og Medicin, at dat ikkje vil"
Med høgste Vyrdnad,Med høyste Vordnad
"sjuke, Olav av ""Lungebetændelse""","sjuke, Olav av ""Lyngebetændelse"""
"mi nokra Kronur, so vart eg","nu noksa Kronur, so vart og"
gjenge so mykje ut til Doktor,gjenge so nykje ut til Doktor
"Maatte I leva vel, til eg","Maatte I leva vel, til eg"
av mine undertegnete papi-,at mine underlegnete kafe-
Roald.,Rood.
rer er du snild.,ser er der snild!
Hjertlig hilsen,Hjertelig hilsen
Flensburg 16.11.13,Hensburg 16.11.13
Selvfølglig ikke. -,Sierfølgtig ikke. -
skriv ham vedlakte på et,skriv ham vedlakte på u
Alt gik utmærket iaften.,At gik utmærket aften.
forbindelse med Mittet så,forbindelse med Nüttel så
Send det til Århus. -,Send du til Åshus. -
Hviss redaktør Nielsen er i,Hervis udaktør Maken er i
Da jeg desværre må skille mig av,Da jeg desværre må skille mig av
vilde være så elskværdig å si mig,vilde være så elskværdig å si mig
Breien Gaard 9 - 10,Berien Gaard 9 - 10
fra Major Segelcke - vilde jeg,"fra Majs, Segelche - vilde jeg"
mig den ille op.,mig den ille op.
har - og muligens kan De også,har - og muligens kan De også
Jeg får be Dem unskylde min,Jeg tør be Dem unskylde hun
Nancy Breien,Nancy Breien
"med en gruppe av Dem: ""Mann og",med en gruppe av Dem: Maren og
Hr. Gustav Vigeland.,Hr. Gustav Vigeland
"kvinne"" som vi i sin tid overtok",kvinne som vi i sin tid overtat
gi mig et råd om hvordan jeg,"gi mig et råd, om hvordan jeg"
være Dem meget taknemlig om De,være Dem meget taknemlig om De
hvilken værdi De mener gruppen,hvilken værdi De mener gruppeier
Ringerike,Ringerike
Deres,Dere
fordelagtigst får omsatt den.,fordelagtigst for omsatt den.
Ask st.,Ask ek.
henvendelse og håper De ikke tar,henvendelse og håper De ikke tar
Telefon 3281.,Teleton 3281.
"i folkebanken på 1100 kr., hvormed han vilde udløse malerierne hos",i folkehavnene på 1100 kr. hvormed han vilde udløse malerierne hos
"erklæring måtte lyde omtrent så, at De indgår som selvskyldnerkautio-","erklæring måtte lyde omtrent så, at De indgår som selvstyrverknutio-"
Harald Nørregaard,Harald Neingand
KIRKEGADEN NR. 8 III,KirkEGAGEN NR. 8 III
"De vilde gjøre Munch en meget stor tjeneste, om De var villig","De vilde gjøre Munch en meget stor tjeneste, om De var villig"
HARALD NØRREGAARD,Hrab NØRREGRARD
Kristiania den 13-9-1902,Kristiania den 13.9-1902
"Edvard Munch, som for tiden er lagt ind på Rigshospitalet på grund af","Edvard Munch, som for tiden er lagt ind på Rigshospitalet på grund af"
in blanco) deponerede 20 malerier vil erholde fuld dækning for det af,in blanes) deponerede 20 malerier vil erholde fuld dækning for det af
"i folkebanken endnu ikke er gået i orden. Hr. Fyhn mente, at Deres","i folkebanken endnu ikke er gået i orden. Hr. Byhre mente, at Deres"
"med Wangs auktionsforretning, der har berammet tvangsauktion","med Wangs auktionsforretning, der har berammet tvangsantition"
til at udstede en sådan erklæring og tilstille mig den snarest mulig.,Thil at næstede en sådan erklæring og tilstille mig den snarest mulig.
"Wang, og har han nok også fået en erklæring fra Dem i denne anled-","Wang, og har han nok også fådt en erklæring fra Dem i denne anled-"
Besv. 23/9-02.,Besv. 23/8.02.
"et vådeskud i venstre hånd, har bedet mig ordne hans mellemværende","et vådersand i venstre hånd, har bedet mig ordne hans mellemværende"
over hans der deponerede malerier. Der er stillet ham i udsigt et lån,over hans der deponerede malerier. Der er stellet ham i udsigt et lånd
"ning. Men advokat Fyhn, til hvem jeg idag har henvendt mig, var","ning. Men advokat Fyhn, til hvem jeg idag har henvende mig, var"
"nist for, at Kristiania Folkebank med de i samme under (datum","nist for, at Kristiania Folkebank ned de i samme under (datuen"
"Edv. Munch i banken lånte beløb med renter og omkostninger, dog ikke","Edv. Munch i banken lånte beløb med renter og omkostninger, dog ikke"
"ikke ganske fornøiet med ordlyden i denne erklæring, hvorfor lånet","hun ganske fornøiet med ordtyden i denne erklæring, hvorfor tånet"
Med venlig hilsen,Med venlig hilsen
Deres,Deres
Hr. professor Nansen,Hr. professor Nansen
for mere end 1200 kr.,for mere end 1200 kr.
HØIESTERETSADVOKAT,HøiestERSTSadvokat
burde Navnet være bestemt inden 14 Dage. Hvis De,burde Navnet være bestemt inden 14 Dage. Hvis De
"Consul A. Heiberg og D Herrer Agent Fearnley & Eger, nu har","Consul A. Heiberg og Døllerrer Agent, Fearly & Eger nu har"
"Undertegnede K. L. Daa, der sammen med Hr.","Undertegnede K. L. Daa, der sammen med Hr."
Kristiania,Kristiania
K. L. Daa.,K. L. Daa.
forundt os den Ære at afgive dette Tegn paa vor,forundt os den Ære at afgive dette Tegn paa vor
P. S. Ogsaa mine Forældre hilse venligst Dem,P.S. Ogsaa mine Forældre hilse venligst Dem
"skulde have noget imod vort Ønske, vilde De være","skulde have noget imod vort Ønske, vilde De være"
saa venlig at underette mig om det inden den,saa venlig at undvrette mig om det inden den
Med Høiagtelse Ærbødigst,Med Høiagtelse Ærbødigst
og Deres Familie.,og Deres Familie.
30.9.76,30.9.76.
"Tilladelse til at maatte kalde det ""Henrik Ibsen"".","Tilladelse til at maatte kalde det ""Henrik Ibsen""."
"10de September, imodsat Fald antage vi at De har","10de September, imodsat Fald antage vi at De har"
Mine Medredere bede mig melde Dem deres Ærbødige,Mine Medredere bede mig melde Dem deres Ærbødige
"Adr. Professor L. K. Daa, Hægdehougen","Adr. Professor L. K. Daa, Hægdehougen"
Bsv -,Bjørn-
Da Skibet om 1 Maaned skal være færdigt til at seile,Da Skibet om 1 Maaned skal være færdigt til at seile
hed.,hed.
Hilsen.,Hilsen.
kjøbt et nyt Skib paa circa 260 Tons bestemt for Fragtfart,kjøbt et ny t Skib paa ogsaa 2600 Tons bestemt for Fragtfest
"paa lange Farvande, tager sig den Frihed at bede om","paa lange Forvande, tager sig den Frihed at bede om"
Hr. Henrik Ibsen,Hr. Henrik Ibsen
Høiagtelse for Dem og Deres for Norge hædrende Virksom-,Høiagtelse for Dem og Deres for Norge hævnende Virksom-
Christiania 26de August 1876,Christiania 26de August 1876
perinde,forind
gjennem hr C. A. Reitzel at sende Dem,gjennem hr. C. A Kutzet at sende Dem
bogen,bogen
"jeg tillader mig endog at tro, at den","jeg tillader mig endog at tro, at den"
"skilligt i denne bog, der peger i samme retning og derfor","mellegt i denne bog, der fryer i samme retning og derfor"
Johannes Norman,Johannes Norman
fremragende,fremragende
i kvindesagen,i Kvindesagen
der jeg det at være min skyldighed at vise en af vore mest,der jeg det at være min skyldighed at vise en af vore mest
"tid har tiet altfor længe, da vilde jeg naturligvis føle mig","tid har tiet altfor længe, da vilde jeg naturligvis føle mig"
kan være af interesse. Skulde,kan være af interesse. Skulde
"forfattere saadan opmærksomhed, men","forfattere saadan opmærksomhed, men"
vil finde ad-,vis finde ad.
Jeg tillader mig,Jeg tillader mig
endydermere kunne give,endydennere kunne give
utrættelige forkjæm-,utrættelige forkjæm.
Fru Camilla Collett,Fru Camilla Collett
dobbelt lykkelig.,dobbelt lykkelig.
Deres ærbødig,Deres ærbødig
Med sand højagtelse,Med sand højagtelse
"et exemplar af min roman ""Til Staten"". Ikke alene fin-","et exemplar af min roman ""Til Staten"". Ikke alene fra"
"impuls til et nyt åndrigt indlæg fra en, som i den seneste","imfrelse til et nyt åndrigt indlæg fra en, som i den seneste"
Rom.,kom.
adr. hr C. A. Reitzel Kjøbenhv.,Adr. M. C. A. Auleget Kjøbenhavn.
"De ved naturligvis, at jeg er bleven","De ved naturligvis, at jeg er bleven"
"årsage, at dette skete, beder jeg Dem","årsage, at dette skete, beder jeg Dem"
modtage min tak og tillige bringe,modtage min tak og tillige bringe
min gamle ven Eilif Peterssen tager,min gamle ven Eilif Peterssen tager
spændt på hvorledes det ender.,spændt på hvorledes det ender.
en våbenstilstand. Jeg er jo ikke lidt,en våbenstilstand. Jeg er jo ikke lidt
"Desværre synes jeg jo ikke, at jeg har","Desværre synes jeg jo ikke, at jeg har"
Hr Direktør J. Thiis!,Hr Direktør P. Thiis!
tak for sidst.,tak for sist.
"Endelig smærter det mig ikke lidt, at","Endelig mærter det mig ikke lidt, at"
"Ridder af St. Olavsordenen, og","Ridder af St. Olavsordenen, og"
"mende, med min bedste hilsen og","mende, med min bedste hilsen og"
da De vist har været med til at for-,da De vidt har været med til at for-
den videre til alle rette vedkom-,den videre til alle rette vedkom-
sig sagen nær. Med venlig hilsen,sig sagen nær. Med venlig hilsen
Rosenvænget 28 - nov - 1910,Rosenvænget 28- nov - 1910
"fortjænt den, da jeg kun forårsagede","fortjænt den, da jeg kun forårsagede"
Deres Joakim Skovgaard,Deres Joakim Skogaard
"til Dagen, og bringe ogsaa min oprigtige","til Dagen, og bringe ogsaa min oprigtige"
"Tak for Alt hvad De har virket ved,","Tak for Alt hvad De har virket ved,"
Deres rige og betydningsfulde Livsgjerning!,Deres krige og betydningsfulde Livsgjerning!
"Fru Camilla Collett,","Fru Camilla Collett,"
tillader jeg mig herved at lykønske Dem,tillader jeg mig herved at lykønske Dem
"de Mange, som bringe Dem sin Hyldest,","de mange, som bringe Dem sin Hyldest,"
Da jeg desværre ikke er frisk nok til,Da jeg desværre ikke er frisk nok til
Med Høiagtelse,Med Høiagtelse
imorgen at være tilstede sammen med,imorgen at være tilstede sammen med
Agathe Backer Grøndahl,Agathe Backer Grøndahl
22/1 93.,22/1 93.
Fangsten endnu i nogen tid,Fangsten endnu i nogen tid
siden andre 25 - og nogle 20.,siden andre 25 og nogle 20.
serer Dem. Med undskyldning,serer Dem. med undskyldning
15/3 76,15/3 76
tilstede og kunde ikke give,tilstede og kunde ikke give
Syvert er nu reist hjem og,Syvert er nu veir! hjem og
qvanta Klipfisk. Det er noget,quanta Klippfirk. Den er noget
AALESUND.,A RSeun.
for paaført Bryderi og med,for paaført Bryderi og med
Og Deres Broder Syvert var,og Deres Broder Syvert var
siden De var paa Søndmør,siden De var paa Sandmør
nogen bestemt oplysning.,nogen bestemt oplysning.
som maaske mindre Indtre-,som manje mindre Indtve-
ning af Indholdene af mit,ning af Indholden af mit
KNUD OLSEN,KNUD ØlsEN
at De har havt den rette opfat-,at De har havt den rette opfat.
"vil blive fortsat, vil her maa-",vil blive fortsat. vil her maa-
"del af et godt Fiske, og da","del af et godt Fiske, og da"
om hvor lang tid der er hengaaen,om hvorlang tid der er hengaaen
"end før, forresten er alt Vese-",end før forresten er alt Veie-
er adskiligt bedre til Helbred,er adskilligt bedre til Helbred
nogle paastod at det er 30 Aar,nogle paastod at det er 30 Aar
Høystærede!,høystærede!
"Tellegram, her var en Dispyt","Pellegram, her var en Deipyt"
har vi paa Søndmør en 3/4,har vi paa Søndmør er 3/4
"af Ærede af 9de dennes ""medeles""",af ærede af 9de Juni medeles
ske blive et almindeligt godt,ikke blive et almindeligt godt
Med hensyn til Fiske da,mid hensyn til Fiske da
I taknemlig erkjendelse af,I. taknemlig erkjendelse af
ntlig med det gamle.,utlig med det gamle.
billeder og da i reglen så slet plaseret,billeder og da i reglen så slet plaserede
at se Deres udstilling og jeg kan ikke,at se Deres udstilling og jeg kan ikke
private,privat
seet et og andet af Deres,seet at og andet af Deres
nægte mig den glæde at udtrykke,nægte mig den glæde at udtrykke
ærbødig forb.,Würz forb.
Xnia. 27.1.07,Xnia 27.1.07.
er det det bedste jeg tror at have,er det det bedste jeg tror at have
har,har
ning til at få et fuldt indtryk af,mig til at få et fuldt indtryk af
til sin rett.. Både i tone og teknik,til sin rett. Både i tone og Teknik
Frøken Harriet Backer,Frøken Harriet Backes
"den, da jeg kun leilighedsvis hos",den. Da jeg kun leilighedsvis hos
at de på ingen måde ere komne,at de på ingen måde ere komne
Kunst; jeg har aldrig havt anled-,Kunst; jeg har aldrig havt anled-
Eilert Sundts gd. 19.,Eilert Sundts gd - 19.
Morten Müller,Morten-Munch
i løbet af min Kunstnerbane.,i løbet af min Kunstner Gang og
Jeg var nylig i Kunstforeningen for,Jeg var nylig i Kunstforeningen for
Undskyld dette begeistringsudbrud,Undskyld dette begeistring udbrud
seet og jeg har jo ikke seet så lidt,seet og jeg har jo ikke seet så lidt
af en gammel Collega. Deres,af en gammende Collega. Deres
Dem min beundring for Deres,Deres min beundring for Deres
Ærede Collega!,"Ærede Collega"""
sammenligne de jydske Dialekter med de norske;,sammenligne da jegdske dialekter med de nonke;
"Forfatteren af medfølgende Skrift hører til dem,","Forfatteren af medfølgende Skrift hører til dem,"
Øster Alling ved Randers 7 April 1862.,Øster Alling ved Randen 7 April 1862.
holder vigtige Oplysninger ogsaa til det jydske Almue-,holder vigtige Oplysninger ogsaa til det jegdske Almue-
Deres ærbødige,Deres ærbødige.
"idet jeg tillige har tænkt, det vilde interessere Dem at","idet jeg tillige har tænkt, det vilde interessere Dem at"
Herr Ivar Aasen.,Herr Ivar Aasen.
L. Varming.,L. skarening.
"sprog. Til Tak herfor sendes nærværende Exemplar,","sprog. Til Tak herfor sendes nærværende Exemplar,"
"""det norske Folkesprogs Grammatik"", hvilket inde-","det norske Folkesprogs Grammatik, hvilket inde-"
der med megen Interesse have studeret Deres Verk:,der med megen Interesse have studeret Deres Verk:
S. T.,S. T.
"og i Haab om, at De vil modtage det med Velvillie,","og i Haab om, at De vil modtage det med Velvillie,"
er jeg,er jeg
hvor en upaaregnet tidlig Morgenvisit,hvor en upaaregnet tidlig Morgenvisit
Ønsker i Anledning af denne Deres Fødsels-,Ønsker i Anledning af denne Deres Fødsels-
Deres forbundne,Deres forbundne
"min Søster Emilie, vil have Interesse","min døster Emilie, vil have Interesse"
Christiania 23de Jan. 1893.,Christiania 23de Jan: 1893.
Diriks,Diriks
"maatte hentyde til Deres Ungdoms Veninde,","maatte henlyde til Deres Ungdoms Veninde,"
"for Dem, og gjenkalde Minder om ""auld","for Dem, og gjenkalde Minder om ""auld"
"dag, sender Dem vedlagte ubetydelige og","dag, sender Dem vedlagte ubetydelige og"
"mine Forældres Bolig (i Grændsegaden),","mine Forældres Bolig (i Grændegaden),"
"under Forudsætning om, at alt hvad der","under Forudsætning om, at alt hvad der"
bringer Emilie m. Fl. til at tage Flugten.,bringer Emilie m. H. til at tage Flugten.
"Fru Camilla Collett,",Fru Camilla Collett
"Naar jeg, samtidig med mine bedste","Naar jeg, samtidig med mine bedste"
med de flagrende Kappebaand. -,med de flagrende Kappebaand. -
Maaske De vil gjenkjende Emilie i hende,maaske De vil gjenkjende Emilie i hende
"lang syne"". - Tegningen er laget i","langsyne"". - Tegningen er taget i"
"dilletantmæssige Tegning, da skeer det",dilletantmæssige Tegning. Da skeer det
1839 og fremstiller en Interieur i,1839 og fremstiller en Interieur i
gere og endda mere hvilken ære og gavn,gere og endda mere hvilken ære ogat gavn
Englændere som har faat adgang tidli-,Englændere som har faat adgang tidli-
Hr. Gustav Vigeland.,Hr. Gustav Vigeland
for en fremrakende foredragsholder,for en fremrakende foredragsholder
Ella Anker.,Ella Arker.
"dette har været for Norge, at Samtiden",dette har været for Norge at Samtiden
Oslo,Oslo
for Norsk Britisk forening til at se,for Norsk Britisk forening til at se
Faar jeg lov til at be om adgang,Faar jeg lov til at be om adgang
Jeg vet jo hvilken glæde og,Jeg vel jo hvilken glæde og
faar lære at kjende Dem. - Jeg kan,faar lære at kjende Dem. - Jeg kom
ogsaa nævne at Sir Michael Sadler,ogsaa nærme at Sir Michael Sadler
berikelse det har været for de andre,berikelse det har været for de andre
nu vil sætte igang kurser over norsk histo,nu vil sætte egang kurser over norsk histo-
me naarsomhelst tordag og fredag og vil,me naarsomhelst torsk og fredag og vil
Oxford Universitet som taler om digteren,04 ford Undersetet som taler om digteren
Wells iaften.,Wells iaften.
Deres atelier? Det er Mr. Wilkinson fra,Deres atelier? Det er Mr. Wilkinnon fra
ærbødigst,ærbødigst
1926,1926
bli lyksalig.,bli lyksalig.
22 Sept.,22 Sept.
Telef. 61051,Telef. 610.57
rie og kunst ved Oxford inspireret av,rie og kunst ved 04ford inspireret av
Deres kunst. Mr Wilkinson kan kom-,Deres kunst. Nu Wilkonom kom kom-
Rosenborg 12,Rosenborg 12
fast Punkt. Jesu Kors.,fast Punkt. Jesu Kors.
bøie sig. Det skulde meget,bøie rig. Det skulde meget
Ting - om de agter eller for-,Ting - om de agter eller for-
22-12-1920,22-12-1920
dette. Jeg ønsker Dem alt godt.,dette. Jeg ønsker Dem alt godt.
faat se at der er en Sand-,fant se at der er en Sand-
Carl Bang.,(ark Bang.)
Deres hengivne,Deres hengivne
For Ham skal hvert Knæ,For Ham skal hvert Kone
sende Dem denne lille,sende Dem denne lille
Jeg kan ikke la være at,Jeg kan ikke la være at
"het som staar, naar alt","het som staar, naar alt"
jeg gjennem 2 Aars Tugt har,jeg gjennem 2 Aas Tugt har
andet ramler. Der er et,andet ramler. Der er et
til før mit blev bøiet. Men,til før mit blev bøiet. Men
nu skal jeg love at jeg er,nu skal jeg love at jeg er
Boken min. Jeg vet ikke,Boken min. Jeg vet ikke
Kjære Gustav Vigeland!,Kjære Gustav Vigeland!
hvordan De har det med disse,hvordan De har det med disse
"agter. Men det vet jeg, at","agter. Men det vet jeg, at"
glad det er gjort. Ja undskyld,glad det er gjort. Ja undskyld
Ja det bedste jeg vet,Ja det bedste jeg vet
Aviserne omtalte Marmor-,Aviserne omtalte Marmor-
Tak for det forevigede Bevis,Tak for det fornyede Bevis
Harald Astrup,Harriet Astrup
hed hvormed de omfatter,hed hvormed de omfatter
plade og Fotografierne af,plaae og Fotografierne af
paa den Interesse og Kjærlig-,paa den Interesse og Kjærlig-
Christiania 5 Juli 1898,Christiania 5 Juli 1878
"Eivind, tillader jeg mig","Eivind, tillader jeg mig"
"Da jeg hører, at det er",De jeg hører at det er
Deres hengivne og forbundne,Deres hengivne og forbundne
Eivinds Minde.. -,Eivinds Minde. -
Hr. Arkitekt Welhaven!,Hr. Arkitekt Welhaven!
herved at bringe Dem min,herved at bringe Dem min
"og medsendt ""Fram"" den i","og medsendt Fram"" den i-"
"Dem, som havde bekostet","Dem, som havde bekostet"
og min Families hjerteligste,og min Familias hjerteligste
"(uten datum, må være før Pariseropholdet)","(uten dalene, må svære før Pariseropholdet)"
Amalie Skram.,"""Amalie Skram."
"De selv kunde også ta den med godt resultat,","De selv kunde også ta den med godt resultat,"
Kjære fru Garborg,Kjære fru Garborg
var kjedeligt jeg ikke traf Dere. Men klem nu,vor kjedeligt jeg ikke traf Dere. Men klem nu
"helst begynde at ta den 1 døgn før afrejsen, sa lægen,","helst begynde at ta den 15ngre før afrejden, da lægen,"
skal ha 5 à 6 barneskefulde i døgnet eller om,skal ha 5 à 6 barneskefulde i Døgnet eller om
da den først virker bagefter. Dog mente han at når,da den først virker bagefter. Dog mente kan at når
han begyndte i eftermiddag det vilde hjælpe. Han,han begyndte i eftermiddag det vilde hjælpe. Han
dagen og holde på imorgen på dampskibet også.,dagen og holde paa imorgen på dampskibet også -
Venlig hilsen fra,Venlig hilsen fra
for en pen hjemrejse Dere får.,for en pen hjemrejse Dere før.
Hils Garborg mange gange og lev vel! Det,Hils Garborg mange gange og lev vel! Det
"bare på med miksturen straks, så skal De se","bare på med miksturen Straks, så skal De se"
men spiseskefulde istedetfor de små.,men spiseskefulde istedetfor de små.
Jeg er her med medecinen. Gutten skulde,Jeg er her med medecinen. Omtten skulde
te Dem derom.,te Don derom.
Da der paa førstkommende Lørdag i Studenter-,Da du paa førstkommende Lørdag i Studenter
p. T. Formand.,p. T. Formand.
Kristiania 26-1-79.,Kristiania 26-1-79.
Paa Studentersamfundets Bestyr-,Paa Andentusamfundets bortopr.
"sagen, tager jeg mig herved den Ære at underret-","sagen, tager jeg mig herved den Ære at underret,"
elses Vegne,elnu Vegne
Ærbødigst,Ærbødigst
samfundet skal aabnes en Diskusion om Maal-,samfundet skal aabnes en Diskussion om Maal-
Erik Vullum,Eretr Vullum
Hr Ivar Aasen!,14r Ivar Aasen!
Til,Til
Herigjennem faar jeg Lov at,Herigennem faar jeg Lov at
bringe Eder min dybtfølte,bringe Eder min dybtfølte
"ening, som æresmedlem, det har","ening, som Æresmedlem, det har"
baade glædet og rørt mig meget.,baade glædet og rørt mig meget.
Holmenkollen den 5te April,Holmenkollenden 5de April
Tak for den store Ære at ville,Tak for den store Ære at ville
indlemme mig i Eders Læsefor-,indlemme mig i Eders Lasefor-
Læseforeninges Bestyrelse,Læseforeninges Bestyrelse
Eders meget forbundne,Eders meget forbundne
Anna Collett Børs,Anna Collett Børs
d. 13de Juni 1882.,d. 13de Juni 1882.
bødigst at henstille til,bødigst at henstille til
Jeg tillader mig herved ær-,Jeg tillader mig herved dr.
handlede Skrivelser vil,hvorolde Skrivelser vil
N G Dietrichson,Alfelingsgjød
Hr. Sekretær Østgaard.,Hr. Sekse har Østgaard.
medfølgende 2 Skrivelser,medfølgende 2) Skrivelset
bundne,beundre
Deres velvillighed at sætte,Hvor velvilligen at sætte
mig i Stand til at besvare,mig i Stand til at besende
Kand. C. Hall. De om-,Kand. C. Hall. De om-
Deres ærbødige og for-,"Deres ærbødige og for,"
Svar.,Svar.
erholde tilbage med Deres,at holde tilbage med Deres
jeg være forbunden for at,jeg være forbunden for at
fra D Hrr. Dr. Aabel og,fra tilrr. Dr. Aabet og
Dem for den velvillig ydede,Dem for den velvillig ydede
Assistance under Verkets,Assistanse under Verkets
Hr. Ivar Aasen,Hr. Svar Aasen
Subskribenter.,Subskribenter.
kunnet sende Dem Lexikonet,kunnet sende Dem Lexis
Chr Johnsen,Med plinsen
nødvendige for at tilfredsstille,nødvendige for at tilfredsstille
med Overbringeren,med Overbringeren
Idet jeg er saa fri,Idet jeg er saa fri
"maatte have modtaget,","maatte have modtaget,"
Udarbeidelse. Jeg har ikke,Udarbeidelse. Jeg har ikke
"heraf at sende Dem ""Norsk","heraf at sende Dem ""Norsk"
Ærbødigst,Ærbødigst
"De løse Hefter, De","De løse Hefter, De"
Kr.ania 18/8.88.,Krania 18/8.88.
fra Bogbinderen saa mange,fra Beghinderen saa mange
vilde jeg gjerne faa tilbage.,vilde jeg gjerne faa tilbage.
"Haandlexikon"", takker jeg","«Hovedlexikon», takker jeg"
skelighed for at faa,skelighed for at faa
"før, da jeg har havt Van-","før, da jeg har havt Vin-"
"Exemplarer, som har været","Exemplarer, som har været"
Albert Hiorth,febert Livets
-tegnede til denne tak må,tegnede til denne tak må
-drag ved leilighed.,drag ved leilighed.
få påhøre et sådant fore-,få fåhøre et sådant fore-
Med ærbødigst hilsen,Med ærbødigst hilsen
-ledning til personlig at,ledning til personlig at
videnskaben.,sidenstalien.
F. Hiorth,F. Hiorke
Hvis under-,Hvis under –
"få lov at tilføie et ønske,","få lov at tilføie et ønske,"
så var det at måtte få an-,så var det at måtte få an-
"tige Sprogudtryk, og efter denne Derivations-Conjec-","tage Sprogudtryk, og efter denne Derivations-Conjes-"
15/10 81,15/10 81
- Da jeg strax efter sidste Gademøde med,- Da jeg strax efter sidste Gademøde med
Dem ret og slet saa at sige for første Gang gav,Dem ret og der saa at sige for første Gang gav
"kelig ind, at Ordet simpelthen betegner den Mængde","kelig ind, at Ordet simpelthen betegner den Mængden"
"Tørk paa Marken, inden det vendes, tiltrænger saa","Tørk paa Marken, inden det vendes, tiltrænger saa"
Græs paa begge Sider af Ljaa-Skaaret. - Naar,Græs paa begge Sider af Ljaa-Skaaret. - Naar
Beskaffenhed ved det i saakaldte Skaarer nedslaa-,Beskaffenhed ved det i saakaldte Skaarer nedflaa-
"Udtrykket ""Tvebreia"", faldt det mig fast øieblik-","Udtrykket ""Tredreia"", faldt det mig fast øieblik-"
"ede Græs, at det for at kunne vinde sin behørige","ede Græs, at det for at kunne vinde sin behørige"
stort,storf
"denne Slaattens ønskelige Tilstand er forhaanden,","denne Slaattens ønskelige Tilstand er forhaanden,"
vil,vil
ærbødigst,ærbødigst
Bogstavering,Bog stavering
antagelig,antagelig
tur vover jeg saaledes at foreslaae,tur vover jeg saaledes at foreslaae
"altsaa ""Tvebreia"" tjene til dets derivativt rig-","altsaa ""Vrebreia"" tjene til dets – derivativt rig."
som anført. -,som anført. –
dets,dets
mig til at overtænke den rimeligste Etymologi,mig til at overtænke den rimeligste Etymalage
Hr Sproggransker I Aasen,Hr Sproggrænsker I Aasen
og deraf atter udledende Ortografi af Provincial,og deraf atter udledendes Ortografi af Provincial
at Marken bliver dækket med,at Marken bliver dækket med
Brednings-Rum,Brednings-kum
H Wergeland,4 Wergeland
gi mig anledning til at se Deres arbeider og,gi mig anledning til at se Deres arbeider og
Ærbødigst,Ærbødigst
linjer,linjer
Vedlagt sender jeg Dem kopi av de to tegninger,Vedlagt sender jeg Dem kopi av de to tegninger
til broen i Frognerparken. Den permanente del,til broen i Frognerparken. Den permanente del
opringning når støpearbeidet er færdig,opringning når støpearbeidet er færdig
vil jeg være svært taknemlig for en telefon-,vil jeg være svært taknemlig for en telefon-
av broen er i grundrids merket med prikkete,av broen er i grundrids merket med prikkede
H. Bull.,H. Paul.
Herr billedhugger Gustav Vigeland.,Herr billedhugger Gustav Vigeland.
Det er meget elskværdig av Dem at ville,Det er meget elskværdig av Dem at ville
Oslo 7de februar 1926.,Oslo 7de febrruar 1926.
"se, - han staar her og klipper og","se, han staar her og klipper og"
Sofie Werenskiold,Sofie. Werensken.
"skal nok se, at blive kjæk igjen, jeg har","skal nok se at blive kjæk igjen, jeg han"
inde i brystet - Erik blev syg bagefter og,inde i brystet - Erik blev syg bagefter og
"endnu en deilig gut igjen, han er saa","endnu en deilig gut igjen, han er saa"
gange - din hengivne,gange – din hengivne
uendelig sød og kjæk; - længter saa svært,uendelig sød og kjæk; længter saa svært
"stor og tung, og det graver og værker","stor og tung, og det graver og værker"
"efter sin lille broer, at det er ondt at","efter sin lille broer, at det er ondt at"
"lidt daarlig, derfor er det hele saa stygt.","lidt daarlig, derfor er det hele saa stygt,"
"at arbeide, og har det bedre, og jeg har","at arbeide, og har det bedre, oog jeg har"
"første. Hils Harriet, Lies mange mange","første. Hils Harriet, Lies mange mang,"
"Jeg har saa ondt for at skrive, armen","Jeg har saa ondt forat skrive, annen"
godt og roligt Inga kommer til os for det,"godt og roligt, Inga kommer til os for det"
tegner saa meget rart til tante Kitty.,tegner saa meget rart til tante Kitty.
"nær af at jeg er bedrøvet, og jeg har jo","nger af at jeg er bedrøvet, og jeg har jo"
jo endnu saameget deiligt i verden - og,jo endnu saameget deiligt i verden - og
laa i 3 dage; men er nu frisk igjen og begyndt,laa i 3 dage; men er nu frisk igjen og begyndt
"min kjære, kjære mand tager sig saa","men kjære. Kj –re mand, tager sig saa"
"Stakkels gamle pappa, han døde saa","Stakkels gamle pappe, han døde saa"
har paataget mig at have tilsalgs de paa Skolen brugelige,har paataget mig at have tilsalgs de paa Skolen brugelige
"andre Bøger, end de Forlangte, og jeg har saaledes etableret","andre Beyer, end de Forlangte, og jeg har saaledes etableret"
"Med megen Agtelse, ærbødigst","Med megen Agtelse, erbødigst"
Min Kommissionær i Aalesund er Klaus Nord.,Min Kommissionænds i Aalesund er Klaus Nord.
mest hverken har jeg eller har været istand at faa opspore,mest hverken har jeg eller har været istand at faa opspore
Hr I. Aasen.,Hr I. Aasen.
"en liden Boghandel; men den Bog, hvorefter her spørges","en liden Baghandel; men den Bog, hvorefter her spørges"
Volden den 28de August 1862,Volden den 18de August 1862
"Som en Dem aldeles ubekjendt Person, maa jeg bede om","Som en dem aldeles ubekjendt Persant, maa jeg bede ond"
bedre Raad end at henvende mig til Dem selv med An-,beare Raad end at henvende mig til Dem selv med An-
Jakob N. Kobberstad,T. Takobskobberstads
S. T.,S.T
"forskillige Forlæggere, have disse ogsaa sendte mig (adskillige)","forskillige Forlæggere, have disse ogsaa sendte mig (odskilliger"
Undskylning fordi jeg uleiliger Dem med nærværende Linier.,Undskylning fordi jeg uleiliger Dem med udrværende Linier.
modning at sende mig en 50 Ekspl til Forhandling.,modning at sende mig en 50 Ekspl til Forhandling.
"Forlægger til, og denne Bog er ""Ervingen"". Man har sagt","Forlægger til, og denne By er ""Arvingen"". Han har sagt"
Da jeg som Lærer ved den herværende Lærerskole,Da jeg sans Lærer ved den herværende Lærerskole
"mig, at den ikke er i Boghandelen, og jeg ved da intet","mig, at den ikke er i Bagtrændelsen, og jeg ved da intet"
Bøger og saaledes har maattet træde i Forbindelse med de,Bøger og saaledes hos mæstet træde i Forbindelse med de
Tak for givne oplysninger,Tak for givne oplysningen
og være De hilset med agtelse,og være De hilset med agtige
Aareflot min venlige hilsen,dareflot min venlige til en
og Venskab af,og Vore skal af
Knud Olsen,Knut Olsen
beder jeg at frembringe for M.,beder om at frembringe for M.
Ivar Aasen!,Svar Aasen!
Ærbødigst,Ærbødigst
Kort og godt - jeg beder om et,Kort og godt - jeg beder om et
for til Amerika,for vil Amerika
andre og har vanskeligheder med,andre og har varskeligheder med
laan - 5 spdlr. - Man kan snu,laan - 5 spdlr. Man kan snu
"der er dog en tid, da man trænger","der er dog en tid, da man trænger"
"""ret og skjel"". - Den skjønsomhed, som","""ret og skjel"". - Nu skjønsomhed, som"
"sig, saa skarpt man vil, i samfundet,","Dig, saa skarpt man vil, i samfundet,"
student.,strævet.
Neergaard Nils J. Gunerus,hergaard Nils Jeg Gunerus
stud 1874,med 1894
"Restaurationen i Kong Karl, 18 april 1875.","Restaurationen i Kong Karl, 18 April 1875."
"her fordres, søger jeg ialfald ikke","her fordres, søger jeg ialfald ikke"
1875,1875
forgjæves. -,forgjæres. -
G. Neergaard,G. Neergaard
Indk 14/6 1882,Inda 14/6 1882
Besv. 15/6 1882.,Besv. 15/6 1882
