"arkindex_paragraph_id"|"ground_truth"|"dan_prediction"|"arkindex_page_url"
"5525282d-7a18-4daa-9c4c-ca3cf9b7ba09"|"Rosenvænget 28 - nov - 1910
Hr Direktør J. Thiis!
De ved naturligvis, at jeg er bleven
Ridder af St. Olavsordenen, og
da De vist har været med til at for-
årsage, at dette skete, beder jeg Dem
modtage min tak og tillige bringe
den videre til alle rette vedkom-
mende, med min bedste hilsen og
tak for sidst.
Desværre synes jeg jo ikke, at jeg har
fortjænt den, da jeg kun forårsagede
en våbenstilstand. Jeg er jo ikke lidt
spændt på hvorledes det ender.
Endelig smærter det mig ikke lidt, at
min gamle ven Eilif Peterssen tager
sig sagen nær. Med venlig hilsen
Deres Joakim Skovgaard"|"Rosenværget 28-nor-1910
Hr Direktør Ø. Thiis!
De ved naturligvis, at jeg er bleven
Ridder af St. Olavsordenen, og
da De vist har været med til at for-
årsage, at dette skete, beder jeg Dem
modtage min tak og tillige bringe
den videre til alle rette vedkom-
mende, med min bedste hilsen og
tak for sidst.
Desværre synes jeg jo ikke, at jeg har
fortjænt den, da jeg kun forårsagede
en våbenstilstand. Jeg er jo ikke lidt
Brændt på hvorledes det ender.
Endelig smærter det mig ikke lidt, at
min gamle ven Eilif Peterssen tager
sig sagen nær. Med venlig hilsen
Deres Boakim Korgaard"|"https://demo.arkindex.org/element/02f02f39-fd11-4542-92a3-9e16d9fc3227"
"eb52b503-55de-4388-bf71-afc7059573ad"|"Eivind Astrup,
Christiania.
21/12-95.
Til Verdens Gangs Redaktion:
Tillad mig herigjennem
at udtrykke min hjerteligste
tak for den store velvilje,
hvormed De flere gange har
omtalt min nylig udkomne
bog: ""Blandt Nordpolens Naboer""
i Deres ærede blad.
Deres ærbødige
Eivind Astrup."|"21/12-55.
Til Verdens Gangs Redaktion:
Tillad mig herigjennem
at udtrykke min hjerteligste
tak for den store velvilje,
hvormed De flere gange har
omtalt min nolig udkomme
hog: ""Blandt hardfsolerss hahoum
i Deres ærede blad
Deres ærbødige
Givind Hotrup."|"https://demo.arkindex.org/element/0ad7f5ba-d7ee-4d25-89ad-16db2daa3f86"
"2564a298-2650-4294-b97e-f396b4bead83"|"Flensburg 16.11.13
Selvfølglig ikke. -
Alt gik utmærket iaften.
Hviss redaktør Nilsen er i
forbindelse med Mittet så
skriv ham vedlakte på et
av mine undertegnete papi-
rer er du snild.
Send det til Århus. -
Hjertelig hilsen
Roald."|"Hensbarg 16. 11.13
Serfølglig ikke. -
Alt gik utmærket infleu.
Herjes udaktør Nilsen er i
forbindske med Miltil så
skriv ham vedtakte på en
av mine anderlignelse pape-
rer er der sened.
Lend den til Arhus. -
Hjertlig Enken
Bred."|"https://demo.arkindex.org/element/0aeebaca-b2e6-43ab-9b5c-7d90ddfa5522"
"d93f7ea6-d008-4e23-96a8-d1b4e8d7d7ca"|"Fru Camilla Collett.
Undertegnede bringer sin ærbødige
og hjertelige Tak for den Gave paa
Kr. 100 som De har delt mellem
Nattely, den vordende Arbejdsstue for Kvin-
der og Aftenhjemmet, en Gave, der
er os saa meget kjærere, som den kom-
mer fra Dem.
Kristiania 23 Marts 1893.
Martha Brun.
Gustav Jensen.
G. Finne"|"Fru Camilla Collett.
Undertegnede bringer sin ærbødige
og hjertelige Tak for den Gave paa
Kr. 100, som De har delte mellems
Nattelig, den vordende Arbejdsstue for Kvin-
der og Aftenhjemmet, en Gave, der
er os saa meget kjærere, som den kom-
mer fra Dem.
Kristiania 23 Marts 1893.
Martha Brun.
D. Fulle"|"https://demo.arkindex.org/element/102ca72a-6c62-4f26-ad06-51c1a230febb"
"91202a3c-46eb-49ee-bf4a-0d1b81190380"|"av brev Frøis Frøisland 12/10-25
var forma slik at De hadde grunn til å kjenne Dokk
sård så ber eg um tilgjeving! Og eg vilde vere takksam um De
vilde take meg på ordlyda av det eg skreiv.
De har fått ein ansvarsfull post på Noregs største talarstol, eg vil
ynskje Dokk hjerteleg til lykke, - at det må lykkest
for
Dokk å så eit godt
såfrø til rik vekst for eit fagert folkeliv i vårt kjære Noreg!
Med
hjerteleg helsing og takk!
Vyrds.
I. B."|"an brev trois brøisland i 11/10-25
- - - var former ikke at De haste grunn til å hjemme døkke
sård sår hed og nu tilgjering! Og og vilde over tikkes an nu de
vilde tate mig få ordtyde andet og akreie.
Da har fatt in ansvarsfall post på Norgs atørete tileratol, og al
gnskje døkk hjertelig til lykke, - et det må lykkel Dok å så at gode
sefør til åk vakst for ut fag at ""olkeliv i vårt kjære Norg!
Hed Elv tjortelig hilsig og takk!
Vigrid
F. B.
667"|"https://demo.arkindex.org/element/124d818b-d57d-4f9f-b4d5-7a1c1238b243"
"49ea04b2-6fa5-4be5-a75b-1032201cc90b"|"Kristiania 26-1-79.
Hr Ivar Aasen!
Da der paa førstkommende Lørdag i Studenter-
samfundet skal aabnes en Diskusion om Maal-
sagen, tager jeg mig herved den Ære at underret-
te Dem derom.
Paa Studentersamfundets Bestyr-
elses Vegne
ærbødigst
Erik Vullum
p. T. Formand."|"174
Kristiania 26-1-79.
Hr Ivar Jasen!
Da du paa førstkommende Lørdag i Studenter-
samfundet skal aalnes en Diskusion om Maal-
sagen, tager jo mig herved den Dre at underret,
te Dem derom.
Paa Andentursomfindets Aatyr,
elser Vegne
Ærbødigst
Erehr Vullum
fr. T. Forwand.
Erchr Vullum
fr. T. Formand."|"https://demo.arkindex.org/element/1726ba3f-0949-4f6a-9840-de15bc953d3d"
"9cec9195-a44b-49d0-91ec-0b3c135f3beb"|"Thomle
Drammen den 18de Febr 1880.
Herr Ivar Aasen!
Jeg er i Besiddelse af Deres
Bog om norske Navne; men kan
i denne, ikke finde Navnet
""Arnljot""; da jeg altid har troet
at Navnet Arnljot har været
Norskt, og tillige har fundet at
dette Navn har været et af de
smukkeste jeg har fundet i vor
gamle Historie, vil jeg være Dem
meget taknemmelig, om De velvillig
vilde underrette mig om, hvorfra
Navnet stammer - samt om dets
Betydning. -
Haabende De undskylder Henvendelsen
undertegner jeg Deres med Høiagtelse
N. B. Thomle.
Adr: ""Drammen""."|"Thonde
Drammen den 18de Febr 1880.
Herr Ovar Aasen!
Jeg er i Besuldelse af Deres
Bage om norske Navne; men kan
i denne, ikke finde Navnet
""Arnljot""; da jeg altid har troet
at Navnet Arnljat har været
Norskt, og tillige har fundet at
dette Navn har været et af ell
smukkeste jeg har fundet i var
gamle Historier, vil jeg være Dem
meget taknemmelig, om De velvillig
vilde underrette mig om, hvorfra
Navnet stammer - samt om dets
Betyelning. -
Haabende Du undskylde Hennendelsen
medertegner jeg Deres med Høiagtelse
N. 8. Thomle.
Adr: ""Drammen""."|"https://demo.arkindex.org/element/1dc29c02-1ad1-4777-9ff0-0cbf1b06385d"
"cf05a151-a799-4ea7-8333-00eb7e3d1a4e"|"DET NORSKE METEOROLOGISKE
INSTITUT.
CHRISTIANIA 15. December 1899
Kjære Collega,
Med Collegiets Tilladelse har
jeg bestilt et selvregistrerende Hygro-
meter hos Richard. det registrerer rela-
tiv Fugtighed som Haarhygrometer. Ligesaa
har jeg bestilt nye Penne. Vi har Under
Ballance, men har faaet Lov at telle
Apparatet paa næste Aars Budget.
Jeg sender Dem en fransk Afhandling om
Luftelektricitetens daglige Periode, der
turde interessere Dem. Her er alt vel.
Faar man høre noget om deres Arbejder?
Jeg har regnet ud, i hvilken Højde Solstraalerne
i Mørketiden skjærer Verticalen i forskjellige Bredder
og Datumer og Klokkeslet. Har de Brug for dette
saa skal jeg sende Resultaterne. Det var v. Bezold som
satte mig paa det. Med venligste Hilsener deres
H Mohn."|"Det nokske mere Collega,
Med Colleguts Tilladelse har
jeg bestilt et selvregishende Hygro-
meter hos Richard. det registun rela-
liv Fuglighed som Haarhygronieter. Lysen
har jeg laatelt nye Penne. Vi har Under
Callance, men har faaet Lov af tem
Akkonalet paa neiste Aars Budget.
Jeg sinder dem en fransk Afhundling om
Luftelektricettens daglige Feriøde, der
turde interessere Dem. Her er alt vel.
Faar mom høre noget om deres Arbejder?
Jeg har regnet ud, i hvæken trøgde Solskaalerne
i Mørkeliden skjærer Verticalen i forskjellen Moder
og Datamer og Klokkestet. Har de Brug for dette
saa skal jeg sende Rescækelsene. Det var v. Begold som
satte mig paa det. Med venligste Hilsener Deres
HHlg M."|"https://demo.arkindex.org/element/2080bd5f-2c9c-4889-bdde-0a093d46f3c6"
"822da0fc-6453-4fc6-b3bb-c9d99c896eea"|"Frimansgade 20, 1. 1895
Fredag. 12te April.
Til Bestyrelsen for Læseforening
for Kvinder!
Først ved min hjemkomst fra Stock-
holm igaar modtog jeg den ærede Besty-
relses brev, hvorfor jeg beder mig undskyldt
den sene besvarelse.
Det vil naturligvis være mig en ære og en
glæde at modtage den elskværdige og hædrende
indbydelse, hvorfor udtales min hjerteligste
Tak.
Alvilde Prydz."|"v.8.0510 Frimansgade 20, 1. 1895-
Trædag. 12te April.
Til Bestyrelsen for Edseforening
for Kvinder!
Først ved min hjemkunst fra Stock
holm igaar modtog jeg den ærede Besty-
relses brev, hvorfor jeg beder mig undskyldt
den sene besvanlse.
Det vil naturligvis være mig en dre og en
glæde at modtage den elskværdige og hædvende
indbydelse, hvorfor ustales min hjerteligste
tak.
Alvilde Pryde."|"https://demo.arkindex.org/element/20d10cf5-b6ee-4101-a25a-3e747e8ddc3c"
"9f301ef9-765c-45be-9948-b9a4de067de0"|"22-12-1920
Kjære Gustav Vigeland!
Jeg kan ikke la være at 
sende Dem denne lille
Boken min. Jeg vet ikke
hvordan De har det med disse
Ting - om de agter eller for-
agter. Men det vet jeg, at
jeg gjennem 2 Aars Tugt har
faat se at der er en Sand-
het som staar, naar alt
andet ramler. Der er et
fast Punkt. Jesu Kors.
For Ham skal hvert Kne
bøie sig. Det skulde meget
til før mit blev bøiet. Men
nu skal jeg love at jeg er
glad det er gjort. Ja undskyld
dette. Jeg ønsker Dem alt godt.
Ja det bedste jeg vet
Deres hengivne
Carl Bang."|"22-12-1920
Kjære Gudtav Vigeland!
Jeg han ikke la være at
sende Dem denne lille
Bohen min. Jeg vet ikke
hvordan De har det med disse
Ting - om de agter eller for-
agter. Men det vet jeg, at
jeg gjennem 2 Aar Tugt har
faat se at der er en Sand-
tret som staar, naar alt
andet ramler. Der er et
fast Punkt. Jern Kors.
For Ham skal hvert Knue
bøie sig. Det skulde meget
til før mit blev bøiet. Men
nu skal jeg love at jeg er
glad det er gjort. Ja undskyld
dette. Jeg ønsker Dem alt godt.
Ja det bedste jeg vet
Deres hengivne
Caro Bang."|"https://demo.arkindex.org/element/27d00a6c-ea62-4806-a1b4-35f8be939cbf"
"f7e646fe-0ccf-4f26-8e0a-2c5754e40a8c"|"Sendt fra Aalesund.
Til mor 25/8 1922.
Vi
sender idag en hilsen til dig
og tankerne følger med din.
Du stanser litt op paa den strævsomme vei
og ser dig tilbake igjen.
Det var ikke roser paa veien du gik
og bakkete var den iblandt.
Men guld i dit hjerte, og sol i dit blik
allikevel altid vi fandt.
Og vel er det saa at du gjemmer vel ei
de lyseste minder end blaat
saa er det dog slik, alt vi husker om dig
er minder om
det
som er godt.
Og nu staar jo livet i høi sommerstund
det er solskin paa denne din dag.
Saa tømmer du mindernes bægere ud
og glemmer den bitreste smag.
Tusener gratulationer
fra Ola & Christian."|"Til mor 25 1922.
Jeg sender idag en hilsen rfildig
og tankerne følger med din.
Du stanner flitt op paa den stræsomme vei
og ser dig tilbake igjen.
Det var ikke roser paa veien du gik
og bakkete var ærle iblandt.
Men guld i dit lynte, og sol i dit veik
allikevel altid vi fandt.
Og vel er det saa at du gjemmer vel ei
de syseste munder end blaat
saa er det dog sle?, alt vi husker andrig
er minder om det
det
det
som er godt.
Og nu staar jo livet i høi som merskud
det er solskefr paa denne din dag.
Saa tømmer du mindemes vægne ud
og glemmer den bituste smag.
Tusener og ratulationer
fra Ola E Christian."|"https://demo.arkindex.org/element/306deec5-7fbd-42c9-9c15-28a16b426fba"
"1f26cb85-fbcf-49be-8d3a-37b526f3a1ac"|"KNUD OLSEN
AALESUND.
15/3 76
Høystærede!
I taknemlig erkjendelse af
af Ærede af 9de dennes ""medeles""
at De har havt den rette opfat-
ning af Indholdene af mit
Tellegram, her var en Dispyt
om hvor lang tid der er hengaaen
siden De var paa Søndmør
nogle paastod at det er 30 Aar
siden andre 25 - og nogle 20.
og Deres Broder Syvert var
tilstede og kunde ikke give
nogen bestemt oplysning.
Syvert er nu reist hjem og
er adskiligt bedre til Helbred
end før, forresten er alt Vese-
ntlig med det gamle.
med hensyn til Fiske da
har vi paa Søndmør en 3/4
del af et godt Fiske, og da
Fangsten endnu i nogen tid
vil blive fortsat, vil her maa-
ske blive et almindeligt godt
qvanta Klipfisk. Det er noget
som maaske mindre Indtre-
serer Dem - med undskyldning
for paaført Bryderi og med"|"15/3 76
Svigstærede!
I taknemlig enkjendige af
af ærede af 9de denne medeles
at De har havt den rette opfat-
ning af Indkalden af mit
Telligvam, her var en Deipyt
om hvorlangtid ler er hengaane
siden De var paa Sandmør
nogle paastad at det er 30 Aar
siden andre 25- og nogle 26.
og Deres Broder Syvent var
til Vteds og kunde ikke give
nogen bestemt oplysning.
Syvert er nu veis! hjem og
er adskiligt bedre til Helband
end før forresten er alt Veie-
utlig med det gamle.
med hengyn til Fiske Da
har vi paa Søndomør er 3 14
del af et godt Firke, og da
Langsten endnu i nogen tid
Vil blive fortfat. vil ken maa-
te blive et almendeligt godt
guanta Klipfirtl. Det er noget
fam manjel mindre Indtre-
tener Dem. med undkyldning
for pauføret Bryderi og med"|"https://demo.arkindex.org/element/3277a5f9-e1b9-47a9-a1ba-e238e37fa6a6"
"08d03774-f851-4a2f-aa84-600bd104dc0a"|"Tak for givne oplysninger
beder jeg at frembringe for M.
Aareflot min venlige hilsen
og være De hilset med agtelse
og Venskab af
Knud Olsen"|"Tak for givne oplignningen
beder jeg at foreninge hi M.
daneflat min venlige tilien
og være De hilset med ægtresi
og Vere skab af
Kund Olsker"|"https://demo.arkindex.org/element/3277a5f9-e1b9-47a9-a1ba-e238e37fa6a6"
"57abfc92-6138-4cac-98b3-f517da935381"|"Bsv -
30.9.76
Christiania 26de August 1876
Hr. Henrik Ibsen.
Undertegnede K. L. Daa, der sammen med Hr.
Consul A. Heiberg og D Herrer Agent Fearnley & Eger, nu har
kjøbt et nyt Skib paa circa 260 Tons bestemt for Fragtfart
paa lange Farvande, tager sig den Frihed at bede om
Tilladelse til at maatte kalde det ""Henrik Ibsen"".
Da Skibet om 1 Maaned skal være færdigt til at seile
burde Navnet være bestemt inden 14 Dage. Hvis De
skulde have noget imod vort Ønske, vilde De være
saa venlig at underette mig om det inden den
10de September, imodsat Fald antage vi at De har
forundt os den Ære at afgive dette Tegn paa vor
Høiagtelse for Dem og Deres for Norge hædrende Virksom-
hed.
Mine Medredere bede mig melde Dem deres Ærbødige
Hilsen.
Med Høiagtelse Ærbødigst
K. L. Daa.
Adr. Professor L. K. Daa, Hægdehougen
Kristiania
P. S. Ogsaa mine Forældre hilse venligst Dem
og Deres Familie."|"Ehristiania 26de August 1876
Hr. Henrik Ibsen
Undertegnede K. L. Daa, der sammen med Hr.
Consul A. Heiberg og DHerrer Agent Feamley og Eger nu har
kjøbt et nyt Skibs paa arca 260 Tons bestemt for Fragtfan
paa lange Farvande, tager sig den Frihed at bede om
Tilladelse til at maatte kalde det «Honrik Ibsen"".
Da Skibet om 1 Maaned skal være færdigt til at seile
burde Navnet være bestemt inden 14 Dage. Hvis De
skulde have noget imod vort Ønske, vilde De være
saa venlig at underette mig om det inden den
10de September, imodsat Fald antage vi at De har
forundt os den Ære at afgive dette Tegn paa vor
Høiagtelse for Dem og Deres for Norge hædrende Virksom
hed.
Mine Medredere bede mig melde Dem deres Ærbødige
Hilsen.
Med Høiagtelse Ærbødigst
K.L. Daa.
Adr. Professor L. K. Daa, Hægdehougen
Kristiania
P.S. Ogsaa, mine Forældre hilse venligst Dem
og Deres Familie."|"https://demo.arkindex.org/element/397ffba8-54cf-4501-8a82-6d85ecfff480"
"4bc620fc-26bf-47ca-8b20-6fd924341b94"|"Hr. sprogforsker I. Aasen!
Skjønt jeg er dem personlig ubekjendt, håber
jeg dog de vil undskylde, at jeg henvender mig
til dem i nedenomhandlede sag.
Jeg har i nogen tid holdt paa med at
samle en del ord fra Hallingdal, hvilke
ikke findes i deres ordbog; ligesaa er jeg i be-
greb med at samle endel ord fra Lofoten.
Det er ikke ganske faa, jeg nu allerede har; og
da jeg saa en liden notits i et blad om, at
Hr. H. Ross har begyndt at udgive en ord-
samling, faldt det mig ind, at jeg burde spørge
Dem, om De eller maaske Hr. Ross kunde
ønske at faa min lille ordsamling.
Jeg tør maaske bede dem om et par
linjer, hvorledes jeg skal forholde mig.
Borge prestegd den 9 mai 1881
Ærbødigst
O Skattebøl"|"Hr. sprogforsker S. Aasen!
Skjønt jeg er dem skusonlig ulukjendt båber
jeg dog, de nu undskylde, at jeg henvender mig
til dem i nedcnomhonolede sag.
Jeg har i nogen lid havde paa med at
samle en del ord fra Hallingdag, hvilke
ikke findes i dens ordbog; ligesaa er jeg i be-
greb med at semle endel ord fra dafaten.
Det er ikke ganske faa, jeg nu allerede har; og
da jeg saa en liden natits i et blod om, at
Hr. H. Bass har begyndt at udgive en ord-
somling, faldt det mig ind, at jeg hurde spørge
Dem, om De eller maaske th. Hass hunde
ønske at faa min lille ordsomling.
Jeg tør maatte lude dem om et frar
linjer, hvorledes jeg skal forholde mig.
Borge prestige den 9 mai 1897
Ærbødigst
Skattebøl"|"https://demo.arkindex.org/element/3f3d2719-f0b1-4572-87cd-fb2fac0446f5"
"6ee38ef8-ba81-4c6d-b940-d280ee69acb1"|"Uppsala, Luthagsesplanaden 25, d. 20.12.1940
Kjære Sigrid!
Ett godt nytt år ønsker jeg dig! Jeg har været hos fru
Lyttkens og læst dine brev, så jeg vet litt om dig. Og igår,
da jeg var hos fru Wyller, i Stockholm, kom det brev fra dig
til henne. Selv har jeg været dårlig til at skrive, tiden er
gått med til foredrag Sverige rundt og til arbeide for
Norgeshjælpen her. Men jeg har jo tænkt på dig de fleste
av dagene, eller kanske alle, og mintes den underlige reisen
vår og spurt mig efter dine lange veier. Jeg tror du kan
hjælpe Norge, der du er. Her prøver vi at gjøre vårt beste.
Og svensk stemning er en ""tillgång"" for Norge nu, ganske
anderledes enn i sommer. Man forstår bedre og er blitt modigere.
Hjemme, i Norge, sætter de hårdt mot hårdt, mere
og mere. Fra venner hører jeg. Lille Sigrid (Thomas) skulde
kommet hit, men fikk ikke nu. For en måned siden (og mere)
kom en datter av Georg Morgenstierne. - Fra Falkberget, som
forlængst er hjemme, fikk jeg brev og hans nye bok; den er
ulæst inntil videre (av mig), men kanske jeg tar den i julen
på Högfors, dit reiser vi imorgen, til Vivekas søster. - Fru Wyller
blev så glad for ditt brev! Hun er tapper, stor. Jeg skriver
nu om Anders for ""Ord och Bild"". - Stina og barnene
hilser så meget. Vi holder oss her og klarer oss, og er
lykkelige for at få arbeide med.
Din
Fredrik Paasche."|"Uppsala, Luthagsesplanaden 25, d. 20.12.1940
Kjære Sigrid!
Ett godt nytt år ønsker jeg dig! Jeg har været livs fru
Lytthens og læst dine brev, så jeg vet litt om dig. Og igår,
da jeg var hos fru Byller, i Stockholm, hvem det brev fra dig
til henne. Selv har jeg været dårlig til at skrive, tiden er
gått med til foredrag Sverige mudt og til arbeide for
Norgerhjælpen her. Men jeg har jo tænkt på dig de fleste
av dagene, eller hanske alle, og mintes den underlige reisen
vår og spurt mig efter dine lange veier. Jeg bror du han
hjælpe Norge, der du er. Her prøver vi at gjøre vårt beste.
Og svensk stemning er en ""tillgång"" for Norge nu, ganske
anderleder enn i sommer. Man forstår bedre og er blitt modigere.
Hjemme, i Norge, sætter de hårdt mot hårdt, mere
og mere. Fra venner hører jeg. Lille-Sigrid (thomast skulde
hommet lut, men fikke ikke nu. For en måned siden (og mere)
hun en datter av Genz Morgenstierne. - Fra Falkberget, som
forlængst er hjemme, fikk jeg lerev og hans nye levle; den er
ulæst inntil videre (av mig), men hanske jeg tar den i julen
på Høgfors, dit reiser vi imorgen, til Vivehas søster. - Fru Wyller
blev så glad for ditt lerer! Hun er tapper, stor. Jeg skriver
nu om Anden for ""Ord och Bild"". - Stine og barnene
hilser så meget. Vi holder os - her og klarer oss, og er
lykkelige for at få arbeide med. Din
Fredrik Paasche."|"https://demo.arkindex.org/element/42647a08-27a5-4b2e-aa21-cffbf1ff6be2"
"453dbde9-2284-410b-b0c0-adf557fd6c21"|"Ivar Aasen.
Theatergaden.
Kristiania."|"S. D. Breve det er det et skal skal skrive at jeg skal se det ikke saa skal skrive til at see det er det et skal skrive til at see det en store det er det skal se det en store det er saa skal jeg skal se det e det en store det er saa saa saa saa saa saa saa saa saa saa saa saa saa saa det er saa saa saa saa saa saa saa saa saa det var saa saa saa saa det var saa saa saa saa saa det saa saa saa saa saa saa saa saa saa saa det er saa saa saa saa saa saa saa det er det er det er det er det er det er det en saa saa saa saa saa saa saa saa saa saa saa saa saa saa saa saa saa saa saa saa saa det var saa saa saa saa det var saa saa saa saa det var saa saa saa saa det var saa saa saa saa det saa saa saa saa det er det saa saa saa det er det saa saa saa saa det er det saa saa saa saa saa det er saa saa saa saa det er saa saa saa saa saa det er saa saa saa saa saa det er det endnu saa saa saa saa saa det er det endnu saa saa saa saa saa saa det er det endnu saa saa det er det endnu saa saa det er det endnu saa saa saa det er det endnu saa saa saa det er det endnu saa saa det er det endnu saa saa saa det er det endnu saa saa saa det er det en saa saa saa saa det er det endnu saa saa saa saa det er det endnu saa saa saa saa saa det er det endnu saa saa saa saa saa det er det endnu saa saa det er det endnu saa saa det er det endnu saa saa det er det endnu saa saa saa det er det endnu saa saa saa det er det endnu vil det er det er det en saa saa saa det er det en saa saa saa det er det endnu saa saa saa det er det endnu saa saa saa saa det er det endnu saa saa saa saa det er det endnu saa saa saa saa saa det er det endnu saa saa saa saa saa det er det endnu saa saa saa saa det er det endnu saa saa saa det er det endnu saa saa saa det er det endnu saa saa saa det er det endnu saa saa det er det endnu saa saa det er det endnu saa saa saa det er det endnu saa saa saa det er det en saa saa saa det er det en altid det er det en saa saa saa saa saa det er det endnu saa saa saa saa saa saa saa det er det endnu saa saa saa saa saa det endnu saa saa saa saa det er det endnu saa saa det er det endnu saa saa saa det er det endnu saa saa saa det er det endnu saa saa saa det er det endnu saa saa saa det er det endnu saa saa saa det er det endnu saa saa saa det er det endnu saa saa saa saa det er det endnu saa saa saa saa saa det er det endnu saa saa saa saa saa det er det endnu saa saa saa saa det er det endnu saa saa saa saa det er det endnu saa saa saa det er det endnu saa saa saa det er det endnu saa saa saa det er det er det endnu saa saa saa det er det er det en saa saa det er det er det en saa skal være det er det en saa saa saa saa det er det en saa saa skal være det en saa saa saa saa det er det endnu saa saa saa saa saa saa saa det endnu saa saa saa saa det er det endnu saa saa saa det endnu saa saa det er det endnu saa saa det er det endnu saa saa saa det er det endnu saa saa saa det er det endnu saa saa saa det er det endnu saa saa det er det endnu saa saa saa det er det endnu saa saa saa saa det er det endnu saa saa saa saa saa det endnu saa saa saa det er det endnu saa saa saa det endnu saa saa saa det var saa saa det endnu saa det er det endnu saa det er det endnu saa saa det er det endnu saa saa saa det er det endnu saa saa saa saa saa det endnu saa saa saa saa saa det endnu saa saa saa saa det endnu saa saa saa det var saa saa det endnu saa det var saa saa det var saa saa det endnu saa det endnu saa det er det endnu saa saa saa det er det endnu saa saa saa det er det endnu saa saa saa saa saa saa saa saa det endnu saa saa saa saa saa saa det var saa saa saa saa det saa saa det var det endnu saa saa saa det var det saa saa saa det endnu saa det er det endnu saa saa saa det endnu saa saa saa det en saa saa saa saa saa det endnu saa det enogen allange det en andnu det en saa det en saa staar saa saa saa saa saa saa saa saa det en saa saa saa saa saa saa saa saa saa det var saa det endnu saa saa det er det endnu saa saa saa saa det er det endnu saa saa saa saa saa saa saa saa det en andre det endnu saa det endnu saa saa saa saa saa det en saa det endnu saa saa saa det en saa saa saa saa saa saa det endnu saa det er det en saa saa saa det er det endnu saa saa saa det en saa saa saa saa saa saa det endnu saa saa saa saa saa det endnu saa saa saa saa det endnu saa saa saa saa det endnuden det en saa saa det endnu saa saa saa det endnu saa saa saa saa det er det endnu saa saa det er det endnu saa saa det er det en saa saa det er det endnu saa saa saa saa det er det en saa saa saa saa saa saa saa det endnu saa saa saa saa saa det endnu saa saa saa det endnu saa saa saa det endnu saa saa det endnu saa saa det er det endnu saa saa det er det endnu saa saa det er det en saa saa det er det en saa saa det er det en saa saa det en saa saa det er det en saa saa skal saa saa saa saa det endnu saa saa saa saa det endnu saa saa saa saa saa saa det endnu saa saa saa saa saa saa sage det endnu saa det endnu saa saa saa saa saa det en saa"|"https://demo.arkindex.org/element/45c6ff3a-ce7a-4e0f-98d8-2378fb937f55"
"15556ed7-f332-4ad9-a607-e004974a2de1"|"Neergaard Nils J. Gunerus
1875.
Ivar Aasen!
Kort og godt - jeg beder om et
laan - 5 spdlr. - Man kan snu
sig, saa skarpt man vil, i samfundet,
der er dog en tid, da man trænger
andre og har vanskeligheder med
""ret og skjel"". - Den skjønsomhed, som
her fordres, søger jeg ialfald ikke
forgjæves. -
Restaurationen i Kong Karl, 18 april 1875.
Ærbødigst
G. Neergaard
student.
stud 1874
for til Amerika"|"heeregaard Nils Jeg Gunerus
Ivar Aasen!
Kort og godt - jeg beder om et
laan - 5 Spdlr. - Man kan snu
sig, saa skarpt man vil, i famfundet,
der er dog en tid, da man trænger
andre og hav vanskeligheder med
""ret og skjel"". - Den skjønsomhed, som
her fordres, søger jeg ialfald ikke
forgjæves. -
Restaurationen i Houg Karl, 18 Afril 1975.
Bbødragst
Seergaard
Studen!.
Dud 1674
for til Amerike"|"https://demo.arkindex.org/element/45c6ff3a-ce7a-4e0f-98d8-2378fb937f55"
"b8a22b9d-6361-4907-b54a-7fa7c2966af9"|"Trysil 13.11.19.
Kjære Hans Aanrud!
Det var ein liten ting eg kom til aa tenkje paa,
og som eg gjerne vilde nemne for for-
mannen i det sakkyndige utvalg. -
Vi som er medlemer i dette utvalget burde
vel holde oss saa nokolunde a jour med
det av skjønliteratur som til kvar tid
kjem ut her til lands. Men for oss som
bor borti avkrokane er dette dyrt og
vandskeleg! Ja, for meg er det mest uraad.
Eg kunde vel ha raad til aa kjøpe ein del.
Men kvifor skal eg det naar det kjem ein
heil braate bøker kvart aar som eg bryr
meg lite om? Var det for mykje aa
krevje at vaare største forlag, Aschehoug,
Norli, Gyldendahl og Cammermeyer kvart
aar sendte medlemene i det sakkyndige
utvalg alle skjønliterære bøker som dei
gir ut?
Eg ventar det beste var nok om for-
mannen skreiv til dei om dette.
Med hjarteleg helsing
din
Sven Moren."|"Turil 18.11.19.
Kjære Hans Aansud!
Det var in liten ting eg kun til aa tinkje paa,
og som og gjerne være nemme for for-
mannen i det saktyndige utralg. -
Vi som er medlemer i dette utvalget burde
vel holde oss saa nekolunde ajaur med
det de chjenlitelstur som til krar tid
hjem ut her tillands. Men for oss som
bor borti ovkrakane er disse dutt og
vandskelig! Ja, for mig er det mest usend.
Eg kunde vil ha raad vil en hjøpe ein del.
Men kvefor skal og det naar det hjem ens
heil brate baker krart om som og bryr
mig lite om? Var det for mylige aa
krevje at vaare største forlag, Aschehoug,
Nori, Gyldendahl og Cammermeyer Kratt
saa sendte medlemene i det sakkopslige
utvalg alle stipenliterære båker den dei
gir ut?
Eg nostar det vilde ma nok om for-
mennen sklive til du om dette.
Med hjærtelig hilsing
Din
Som horm."|"https://demo.arkindex.org/element/4805e117-3b29-4cb7-a537-4d17476e801d"
"33dd095f-96c8-4c43-8353-a66569244e0a"|"16. febr. 1887
Kjære, kjære Kitty.
Jeg vidste nok at du vilde blive bedrøvet
naar du hørte, at vi havde mistet vor deilige
lille gut. Idag er det 14 dage siden han døde -
og det er saa forfærdeligt, aa Kitty han var
min fryd, - han var saa stor og deilig nu,
havde faaet 4 tænder og vi troede det værste
var over - du skulde seet ham, naar Erik
eller jeg kom ind i barnekammeret, saa
skreg han høit af glæde og strakte ud sine
smaa arme, - Vi var saa uendelig lykkelige
og glade herude hos os -. Det var krampe, han
døde af, noget saa forfærdeligt har jeg aldrig
seet eller hørt, - den sidste dag kjændte han
hværken papa eller mama og sovnede rolig
borte paa Eriks fang, det er en smærte saa"|"16. febr. 1887
Kjære, kjære Hitty.
Jeg vidste nok at du vilde blive bedrøvet
naar du hørte, at vi havde mistit vor deilige
lille gut. Idag er det 14 dage siden, han døde -
og det er saa forfærdeligt, aa Kitty, han var
min bryd, - han var saa stor og deilig nu,
havde faaet 4 tænder og vi troede det værste
var over - den skulde seet ham, naar Erik
eller jeg kom ind i barnekammeret, saa
skaeg han høit af glæde og strakte ud sine
smaa anne, - vi var saa vendelig lykkelige
og glade herude hos os -. Det var krampe, han
døde af, noget saa forfærdeligt, har jeg aldrig
seet eller hørt, - den sidste dag kjændte han
hværken papa llev mansa og søvnede rolig
forte jraa Eriks fa. ""At er en smærte saa"|"https://demo.arkindex.org/element/4b860ed2-d51a-41bd-b73f-698a51730d5a"
"4594787c-42db-4056-81ba-ab9781c941aa"|"stor og tung, og det graver og værker
inde i brystet - Erik blev syg bagefter og
laa i 3 dage; men er nu frisk igjen og begyndt
at arbeide, og har det bedre, og jeg har
skal nok se, at blive kjæk igjen, jeg har
jo endnu saameget deiligt i verden - og
min kjære, kjære mand tager sig saa
nær af at jeg er bedrøvet, - og jeg har jo
endnu en deilig gut igjen, han er saa
uendelig sød og kjæk; - længter saa svært
efter sin lille broer, at det er ondt at
se, - han staar her og klipper og
tegner saa meget rart til tante Kitty.
Jeg har saa ondt for at skrive, armen
lidt daarlig, derfor er det hele saa stygt.
Stakkels gamle pappa, han døde saa
godt og roligt. Inga kommer til os for det
første. Hils Harriet, Lies mange mange
gange - din hengivne
Sofie Werenskiold"|"stor og tung, og det graver og værker.
inde i brystet - Enk blev syg bagefter og
laa i 3 dage; men er nu frisk igjen og begyndt
at arbeide, og har det bedre, og jeg har
skal nok see at blive kjæk igjen, jeg har
jo endnu saameget deiligt i verden - og
min kjære, kjære mand, tagen sig saa
nyer af, at jeg er bedrøvet, og jeg har jo
endnu en deilig gret igjen, han er saa
uendelig sød og kjæk; - længter saa svært
etter sin lille broer, at det er ondt at
se, - han staar her og klipper og
regnen saa meget rart til tante Kitty.
Jeg har saa ondt forat skrive, annen
er udt daarlig, derfor er det hele saa stygt,
I ikkels gamle papper, han døde saa
godt og roligt, Inga kommer til os for det
første. Hils Hamut, Lies mange mange
gange - din hengivne
Sofie. Werenskur"|"https://demo.arkindex.org/element/4b860ed2-d51a-41bd-b73f-698a51730d5a"
"a2835998-cfae-456e-98d2-e1579a76c186"|"Fru Camilla Collett,
Naar jeg, samtidig med mine bedste
Ønsker i Anledning af denne Deres Fødsels-
dag, sender Dem vedlagte ubetydelige og
dilletantmæssige Tegning, da skeer det
under Forudsætning om, at alt hvad der
maatte hentyde til Deres Ungdoms Veninde,
min Søster Emilie, vil have Interesse
for Dem, og gjenkalde Minder om ""auld
lang syne"". - Tegningen er laget i
1839 og fremstiller en Interieur i
mine Forældres Bolig (i Grændsegaden),
hvor en upaaregnet tidlig Morgenvisit
bringer Emilie m. Fl. til at tage Flugten.
Maaske De vil gjenkjende Emilie i hende
med de flagrende Kappebaand. -
Deres forbundne
Diriks
Christiania 23de Jan. 1893."|"Fru Camilla Collett,
Naar jeg, samtidig med mine bedste
Ønsker i Anledning af denne Deres Fødsels-
dag, sender Dem vedlagte ubetydelige og
dilletantmæssige Tegning, da skeer det
under Forudsætning om, at alt hvad der
maatte hentyde til Deres Ungdoms Veninde,
min døiter Emilie, vil have Interesse
for Dem, og gjenkalde Minder om ""auld
longsyne"". – Jeg ningen er taget i
1839 og fremstiller en Interieur i
mine Forældres Bolig (i Grændsegaden),
hvor en upaaregnet tidlig Morgenvisid
bringer Emilie m. H. til at tage Flugten.
maaske De vil gjenkjende Emilie i hende
med de flagrender Kappebaand. -
Deres forbundne
Christiania 22de Jan: 1893. Deres forbundne
Beriks"|"https://demo.arkindex.org/element/4cc3ffcc-1ab1-4999-97b1-ed4f1a68bd2c"
"c0d2fb13-38a6-4d19-9b8c-4efbd4974b20"|"Besv. 23/9-02.
HARALD NØRREGAARD
HØIESTERETSADVOKAT
KIRKEGADEN NR. 8 III
Telefon 3281.
Kristiania den 13-9-1902
Hr. professor Nansen
Edvard Munch, som for tiden er lagt ind på Rigshospitalet på grund af
et vådeskud i venstre hånd, har bedet mig ordne hans mellemværende
med Wangs auktionsforretning, der har berammet tvangsauktion
over hans der deponerede malerier. Der er stillet ham i udsigt et lån
i folkebanken på 1100 kr., hvormed han vilde udløse malerierne hos
Wang, og har han nok også fået en erklæring fra Dem i denne anled-
ning. Men advokat Fyhn, til hvem jeg idag har henvendt mig, var
ikke ganske fornøiet med ordlyden i denne erklæring, hvorfor lånet
i folkebanken endnu ikke er gået i orden. Hr. Fyhn mente, at Deres
erklæring måtte lyde omtrent så, at De indgår som selvskyldnerkautio-
nist for, at Kristiania Folkebank med de i samme under (datum
in blanco) deponerede 20 malerier vil erholde fuld dekning for det af
Edv. Munch i banken lånte beløb med renter og omkostninger, dog ikke
for mere end 1200 kr.
De vilde gjøre Munch en meget stor tjeneste, om De var villig
til at udstede en sådan erklæring og tilstille mig den snarest mulig.
Med venlig hilsen
Deres
Harald Nørregaard"|"Beso. 23/7.02.
Kristiania den 13.9-1802
Kr. professor Nansen
Evard Munch, som for tiden er lagt ind på Rigshoapitalet på grund af
et vädeskud i venstre hånd, har bedet mig ordne hans mellemværende
med Wangs anktionsforretning, der har berammet tvangsantition
over hans der deponerede malerier. Der er stillet ham i udrigt et lån
i folkehanken på 1100 kr., hvormed han vilde notøre malerierne hos
Wang, og har han nok også fått en erklæring fra Dem i denne anled-
ning. Men advokat Fykn, til hvem jeg idag har henvendt mig, var
inne ganske fornøiet med ordtyden i denne erklaring, hvorfor lånet
i folkebanken endnu ikke er gårt i orden. Hr. tybn muste, at Deres
erklaring måtte lyde omtrent så, at De indgår som selvskyldnerkantio-
måt for, at Kristiania Folkebank ved de i samme under (datum
in blanes) depomrede 20 malerier vil erholde fuld dakning for det af
Edv. Mennet i hanken länte heløb med renter og omkortninger, dog ikke
for mere end 1200 kr.
De vilde gjøre Munch en meget stor kjeneste, om De var vellig
til at udstede en sådan erklæring og tilstille mig den snarest mulig.
Med venlig hilsen
Deres
J. Arald Neisegaard"|"https://demo.arkindex.org/element/522a8e44-c23a-47b8-85f3-7074b081b65b"
"5d2f8f7a-84b0-4eee-a28f-c1b3c8ceea2c"|"Kristiania, 3./11. 1889
Herr filol. Ivar Aasen!
Da jeg har fornøjelsen at kende
deres nordsk-danske ordbog, som
er særdeles interessant for enhver
Islænder, da det islandske sprog
er jo at betragte som et afkom
af samme (ɔ: oldnorsk), understår
jeg mig ærbødigst her ved, at oversende
dem det 1. hæfte af min islandsk-franske
ordbog, tillige med mit: ""Svar"" til
Geir Zoëga angående samme.
Ærbødigst
Páll Þorkelsson
(en Islænder)
Boende i: Pilestrædet No 3. III.
Christ..."|"Fristiania, 3./11. 1889
Herr filof. Ivar Aasen!
Da jeg har fornøjelsen at kende
deres nordsk-danske ordbog, som
er særdeles interessant for enhver
Islænder, da det Tislanderke sprog
er jo at betragte som et afkom
af samme (P: oldnorsk), understår
jeg mig erbødigert her ved, at oversende
dem det 1. hæfte af min islandsk franske
ordbog, tillige, med mit: «Svar ""til
Geir Zrøga angående samme.
Ærbødigst
Pallsporketsson
(en Islænder)
(No 3. TIt.
Christ. -"|"https://demo.arkindex.org/element/52b3c48f-050a-41b8-8391-bb200808fb6c"
"5c5826d2-344e-4675-ad08-40fbc10c22e3"|"Hr. Ivar Aasen
Idet jeg er saa fri
med Overbringeren
heraf at sende Dem ""Norsk
Haandlexikon"", takker jeg
Dem for den velvillig ydede
Assistance under Verkets
Udarbeidelse. Jeg har ikke
kunnet sende Dem Lexikonet
før, da jeg har havt Van-
skelighed for at faa
fra Bogbinderen saa mange
Exemplarer, som har været
nødvendige for at tilfredsstille
Subskribenter.
De løse Hefter, De
maatte have modtaget,
vilde jeg gjerne faa tilbage.
Ærbødigst
Chr Johnsen
Kr.ania 18/8.88."|"174
Hr. Svar Aasen
Idet jeg er saafri
med Overbringeren
heraf at sende Dem ""Norsk
Haandlescison"", takker jeg
Dem for den velvillig ydede
Assistance under Verkets
Udarbeidelse. Jeg har ikke
kunnet sende Dem Lescikonet
før, da jeg har havt Van-
skelighed for at faa det
fra Begbinderen saa mange
Exemplarer, som har været
nødvendige for at tilfredsstille
Subskribenter.
De løse Hefter, De
maatte have modtaget,
vilde jeg gjerne faa tilbage.
Æet tilfage.
Krania 18/8.88.
Med Jehnam"|"https://demo.arkindex.org/element/531ea72f-d6ac-4761-9876-d13480a77d51"
"eb0d13fc-8f8e-4dda-ae49-980bdc52bf0e"|"Rosenborg 12
Oslo
22 Sept.
1926
Telef. 61051
Hr. Gustav Vigeland.
Faar jeg lov til at be om adgang
for en fremrakende foredragsholder
for Norsk Britisk forening til at se
Deres atelier? Det er Mr. Wilkinson fra
Oxford Universitet som taler om digteren
Wells iaften.
Jeg vet jo hvilken glæde og 
berikelse det har været for de andre
Englændere som har faat adgang tidli-
gere og endda mere hvilken ære og gavn
dette har været for Norge, at Samtiden
faar lære at kjende Dem. - Jeg kan
ogsaa nævne at Sir Michael Sadler
nu vil sætte igang kurser over norsk histo-
rie og kunst ved Oxford inspireret av 
Deres kunst. Mr Wilkinson kan kom-
me naarsomhelst tordag og fredag og vil
bli lyksalig.
ærbødigst
Ella Anker."|"Rosenborg 12 22 Sept.
1926
Hr. Gustav Viggland.
Faar jeg lov til at be om adgang
for en fremrakende foredragsholder
for Norsk Britisk forening til at se
Deres atelser? Det er Mr. Wilkimon fra
O4 ford Umdersitet som taler om digteren
Wells iaften.
Jeg vel jo hvilken glæde og
berikelse det har været for de andre
Englændere som har faat adgang tidli-
gere og endda mere hvilken ære og gam-
dette har været for Norge, at Samliden
faar lære at kjende Dem. - Jeg kun
ogsaa nævne at Sin Michael Sadler
nu vil sætte egang kurser over norsk histo-
rie og kunst ved O4 ford inopireret av
Deres kunst. Nu Wilkmons kan kom-
me naarsomhelst tordag og fredag og vil
bli lyksalig.
ærbringst
Ella Arsker."|"https://demo.arkindex.org/element/532a1580-614e-4d15-a00b-0b2e164f33a3"
"4c310222-2de4-40e1-975f-3275588ce93b"|"Christiania 5 Juli 1898
Hr Arkitekt Welhaven!
Da jeg hører, at det er
Dem, som havde bekostet
og medsendt ""Fram"" den i
Aviserne omtalte Marmor-
plade og Fotografierne af
Eivind, tillader jeg mig
herved at bringe Dem min
og min Families hjerteligste
Tak for det forevigede Bevis
paa den Interesse og Kjærlig-
hed hvormed de omfatter
Eivinds Minde.. -
Deres hengivne og forbundne
Harald Astrup"|"Christiania 5 Juli 1888
Hr Arkitekt Helhaven!
Da jeg hører, at det er
Dem, som havde bekostet
og medsendt ""Franø den i
Aviserne omtalte Marmer-
plade og Fotografierne af
Livind, tillader jeg insy
herved at bringe Dem min
og min Families hjerteligste
Tak for der fornyed. Bevii
paa den heteresse og Kjærlig-
hed hvormed de omfatter
Livinds Minda. -
Deres hengivne og forbundne
Hamed Astrup"|"https://demo.arkindex.org/element/5498a837-8db5-4299-9950-e22545bc1a0a"
"07678973-8499-499f-9e16-95e14700182c"|"Fru Camilla Collett
Rom.
Jeg tillader mig
gjennem hr C. A. Reitzel at sende Dem
et exemplar af min roman ""Til Staten"". Ikke alene fin-
der jeg det at være min skyldighed at vise en af vore mest
fremragende
forfattere saadan opmærksomhed, men
jeg tillader mig endog at tro, at den
utrættelige forkjæm-
perinde
i kvindesagen
vil finde ad-
skilligt i denne bog, der peger i samme retning og derfor
kan være af interesse. Skulde
bogen
endydermere kunne give 
impuls til et nyt åndrigt indlæg fra en, som i den seneste
tid har tiet altfor længe, da vilde jeg naturligvis føle mig
dobbelt lykkelig.
Med sand højagtelse
Deres ærbødige
Johanne Norman
adr. hr C. A. Reitzel Kjøbehn."|"Fru Caniitla Collett kom.
Jeg tillader mig at fandt Dem gjennem hr C.t kutget at fulde Dem
et examplar af min roman ""Tid Haten"". Skke, alene fin-
der jeg det at overe min skyldighed at vise an af vore mest
fremragende skrivent forfattere saadan opmærksomhed, men
jeg tillader mig endop at tro, at den rorige utrækkelige forkjæm-
perind for kvinder vinde tro, at den rorige utrækkelige finde ad-
skellegt i denne bog, der peger i samme retning og derfor
imfuls-tu et nyt årdrugt indtæg fra en, som i den seneste
dolebelt lykkelig
deres højagtelse
Johanns Norman
adr. C.S. Aulert Kjøbenhavn"|"https://demo.arkindex.org/element/55f9092c-a614-4f0f-a7d4-9693b0ac0c1a"
"14d59ecd-8c0e-4d93-8b52-6630719572ea"|"AKTIESELSKABET
DET NORSKE KVÆLSTOFKOMPAGNI
(FORSØGSSTATIONEN)
RIGSTELEFON 274 ARENDAL
TELEGRAFADRESSE:
KVÆLSTOF, ARENDAL
J. No. 860.
Vasmoen pr. Arendal den 6/5 06. 
Hr. Prof. Birkeland
Christiania.
Hermed har jeg den fornøielse at fremsende
2 plader, hver med 5 optagelser.
De er begge tagne paa den maade, at apparatet, der
var stillet midt foran vinduet, blev dreiet til begge
sider noget
efter
hver exponering.
Elektroderne er noget vanskeligere at se paa disse
fotografier. Det var ikke muligt at faa flammen
hverken tyndere eller mere i midten af flammerummet,
der er 8 cm bredt. Elektroderne er nu - efter at kapperne
næsten er vækbrændte - 17 mm tykke. Optagelserne bliver
saaledes næsten nøiagtig 1/10.
Plade mærket I er exponeret i 1/100 sek. KW. = 80, volt 1800
amp. 45 magnetisme 38.
Plade mærket II er exponeret i 1/50 sek. KW. = 90, volt 2200
amp. 45, magnetisme 38.
Den sidste lille optagelse paa plade nr. II er taget umiddelbart
efter tændningen.
Ærbødigst
A. Bretteville."|"Hr. Prof. Birkeland
Christiania.
Hermed har jeg den fornøielse at fremsende
2 plader, hver med 5 optegelser.
De er begge tegne paa den maade, at apfaratet, der
var stillet midt foren uindret, blev dreiet til begge
sider noget ved hver er poniring.
Elekfroderne er noget vanskeligere at se paa disse
fatogrefur. Det var ikke muligt et for flammen
hverken hyndere eller mere i midten af flammerummet,
der er dembredt. Hliktroderne er nu - efter at kapperne
næsten er vakbrændte - 17 min tykke. Optegeherne bliver
deeledes næsten nøiagtig 1/10.
Plede mærkes T er etfoneret i 1100 rekr. MW. ÷ 80, volt 1800
grup. 45 megnetisme 38.
Plede mærket IIer erfoneret i 150 rek. 12 W.-90, volt. 2200
amp. 45, megnetum 38.
Den sidste lille optegelse paa plede om. II er teget pmiddeltart
efter Lændningen.
Ærbødigst
h. Brettevell."|"https://demo.arkindex.org/element/57b55404-7548-451b-ad9b-132a41c38948"
"3c1fb29f-389d-4a06-ad16-b2f7d87b6ce0"|"Til
""Læseforeningen for Kvinder""!
Jeg tillader mig herved at
frembære min og mine børn tak for
den smukke maade hvorpaa ""Læsefo-
reningen"" hædrede min mand,
Consul Tho. Joh. Heftyes jordefærd
ved at lægge en krans paa hans
kiste.
Frognæs d. 11. Oktober 1886.
Ærbødigst
Marie Heftye
født Meyer"|"Til
""Læseforeningen for Kvinder""!
Jeg tillader mig herved at
frembare min og mine børnt tak for
den smukke maade hvorpaa ""Læsefor-
reningen"" hædrede min mand,
Consul Tho. Joh. Hiftyel jordefærd
ved at lægge en krand paa hans
kiste.
Frognal d. 11 Oktober 1886.
Ærbødigst
Marie Heflye
født Meyer."|"https://demo.arkindex.org/element/5b2aa611-4755-4d81-bc53-016621d0abb3"
"e41e9ff6-3354-4b15-8a11-fe93aad5a733"|"Øster Alling ved Randers 7 April 1862.
Forfatteren af medfølgende Skrift hører til dem,
der med megen Interesse have studeret Deres Verk:
""det norske Folkesprogs Grammatik"", hvilket inde-
holder vigtige Oplysninger ogsaa til det jydske Almue-
sprog. Til Tak herfor sendes nærværende Exemplar,
idet jeg tillige har tænkt, det vilde interessere Dem at
sammenligne de jydske Dialekter med de norske;
og i Haab om, at De vil modtage det med Velvillie,
er jeg
Deres ærbødige
L. Varming.
S. T.
Herr Ivar Aasen."|"Øster Alling ved Randen 7 April 1862.
Forfatteren af medfølgende Skrift hører til dem,
der med megen Interesse have studeret Deres Verk.
""det norske Folkesprogs Grammatik"", hvilket inde-
holder vigtige Oplysninger ogsaa til det jydeske Alme-
spog. Til Tak herfor sendes nærværende Exemplar,
idet jeg tillige har tænkt, det vilde interessere Dem at
sammenligne de jydske Dialekter med de norske;
og i Haab om, at De vil modtage det med Velvillie,
er jeg
Deres ærbødige.
L. Varning.
Herr Ivar Aasen."|"https://demo.arkindex.org/element/5d4c3111-a6b0-419b-a124-0597651657f3"
"c62416f0-b1bd-4903-89ab-f2638e490f8a"|"Bestum - 21-10-18
Kjære Aanruds!
Hjertelig tak for indbydelsen til at
feire sølvbryllup hos dere! Desværre ser det ikke
ut til at jeg kan komme ut til den tid.
Er oppe litt hver dag - men bortreise blir nok
umulig at tænke paa.
Men saa morsomt det skulde været!
og saa snilt av Dere at be os!
Forhaabentlig blir Hans med paa
moroen! Mange hilsener til alle fra
eders hengivne
Minda Kinck"|"Bestum - 21-10-18
Kjære Aanruds!
Hjertelig tak for indbydelsen til at
ture sølvbryllup hos dere! Desværre ser det ikke
at til at jeg kan komme at til den tid.
Er oppe litt hver dag - men bortreise blir nok
umulig at tænke paa.
Men saa marsomt det skulde været!
og saa snilt av Dere at be os!
Forhaabentlig blir Hans med paa
maraen! Mange hilsener til alle fra
Dinda Kinck"|"https://demo.arkindex.org/element/5f30dea9-4443-44c1-92f4-abfd04cd3797"
"2899d313-94b5-4fe7-9704-5705899dbecb"|"Hr direktør Thiis.
Jeg tillader mig herved at oversende i avskrift
brev fra billedhugger Vigeland av 18/12 1893 vedrørende salg til ""Foreningen
til Nationalgalleriets forøgelse"" av originalmodellen til gruppen ""Forbundet""
Idet foreningens bestyrelse den 7/3 1894 har vedtaget de av
Vigeland for støbning i bronce eller udførelse i andet materiale opstillede
betingelser er den paatænkte støbning uden hr Vigelands samtykke
udelukket og vil kunne medføre strafansvar. -
Kristiania 20/10 1922
Ærbødigst
Fr. Gundersen."|"Hr direktør Thus:
Jeg tillader mig hen ed at oversende i avskrift
brev fra billedhugger Vigeland av 1812 1893 vedrøvende solg til Foreningen
til Nationalgallenets forøgelse av orignialmodellen til gruppen ""Forbundet""
Idet fremmyens besyrelse den 7/3 1894 har vertigel de av
Vigeland for Hobning i bronce eller urforelse i andet materiale opstillere
betingelser er den fortænkte statning uden hr Vigelands samtykke
udelukket og vil kunne medføre Strafansvar. -
Kristiania dof,0 1922
Ærbødigst
Fr. Gundenen."|"https://demo.arkindex.org/element/64751509-10c3-45d1-b066-a0a12d2ba8a7"
"ca51e64c-149d-4d3e-9d61-98caa2b3a340"|"Har idag modtaget
restbeløbet kr 200 -
- skriver to hundrede
kroner - for mit
Arbeide med Korbue-
figurene til Trondhjems
Domkirke. -
Harald Brun
Kristiania 25/10 1910."|"Har idag modtaget
restbeløbet kr 200 -
- Skriver to hundrede
kroner - for mit
arbeide med Korbue-
fizurene til Frondhjem
Bomkvike. -
Deraldt Hun.
Kristiania 25/10 1910."|"https://demo.arkindex.org/element/670eeee6-52be-4e55-975e-44cffbc640c6"
"aec5b061-829c-4a9e-9e7b-9382378bb5a8"|"22/1 93.
Fru Camilla Collett,
Da jeg desværre ikke er frisk nok til
imorgen at være tilstede sammen med
de Mange, som bringe Dem sin Hyldest,
tillader jeg mig herved at lykønske Dem
til Dagen, og bringe ogsaa min oprigtige
Tak for Alt hvad De har virket ved,
Deres rige og betydningsfulde Livsgjerning!
Med Høiagtelse
Agathe Backer Grøndahl"|"22/11 93.
Fru Camilla Collett,
Da jeg desværre ikke er frisk nok til
imorgen at være tilstede sammen med
de Mange, som bringe Dem sin Hyldest
tillader jeg mig herved at lykønske Dem
til Dagen, og bringe ogsaa min oprigtige
Tak for Alt hvad De har virket ved
Deres rige og betydningsfulde Livsg erning!
Med Høiagtelse. Agathe Backer Grøndahl"|"https://demo.arkindex.org/element/70f6be99-6ce8-4f91-adff-725841081b43"
"5599f6fd-d2d9-46d1-b2f9-d68c5626518c"|"TRONDHJEMS TEATER
THEATERCHEFEN.
Trondhjem den 21/8 1918
Kjære Aanrud.
Jeg skrev til din hustru for
nogle dage siden angaaende min datter
Karen. Det var kanske freidigt gjort,
men jeg haaper din frue ikke tar mig
det ilde op. Jeg har havt et farligt
stræv med at faa sæsonen igang. ""Den
spanske"" har været fæl. Ikke før har
jeg havt prøve paa et stykke, saa
blev der en syk. ""Csardasfyrstinden"",
med fru Otti Pegel skulle ha gaat først,
men jeg maatte la fruen reise og betale
hende for hele gjæstespillet, som bestod
i at hun laa her i 8 dage og aat
og drak. (Aandssvagt.) Sig mig du kan
ikke skaffe mig en forbindelse der 
kunne skaffe mig Whisky? Jeg trænger 
lidt. I løpet av vinteren skal jeg
ta op ""Storken"", og vi faar se om den
ikke kan gjøre lykke nu. Lev vel
da og hils din hustru.
Din taknemmelige
Rasmus Rasmussen."|"21/8 199
Kjære Aaurud.
Jeg skrev til din hustru for
nogle dagesiden angaaende min datter
karen; Det var kunske frædigt gjort,
men jeg hagger din fine ikke tar mig,
det ilde op. Jeg har hadt et farligt
stræv med at faabæsenen igang. Den
spanske"" har været fæl. Ikke før har
jeg hadt prøve paa et stykke, saa
blev der en syk. ""Gardasfyrstinden""
ind fuldtøi Paget skille ha gaat jørst,
men jeg maatte la fruen reise og betale
hende for hele gjelstespillet, som bestod
i at hun laa her i 8, dage og aat
og drak. (Aandssvagt.) Sig mig du kan
ikke skaffe mig en forbindelse der
kunne skaffe mig Misky? Jeg træeger
lidt. I løbet av vinteren skal jeg
ta op ""Storken"", og vi faar se om den
ikke kan gjøre lykke nu. Lev vel
da og hils din histru
Gin takgemmige
Anmind Munch"|"https://demo.arkindex.org/element/73f8a011-1d6d-410c-87d0-04708601ff26"
"96c1bc69-9cc5-45b0-b50a-929a82cc80b2"|"Dresden den 15de Junij 1830. -
Bedste Herr Flintoe!
Jeg skulde vel begynde med en hel Hoben Undskyldninger for,
at jeg siden min Afreise fra Norge, ei har givet en Lyd fra mig,
men De kjender nu min svage Side engang, og veed at det ei er Lige-
gyldighed som kan være Aarsag dertil, men blodt min fordømte Anti-
pathie mod Pen og Blek. - Endeligen er jeg nu kommen saa
vidt at jeg kan tænke paa Syden. - Paa Løverdag gaaer jeg gjennem
Böhmen, til München og tænker jeg i Sommer at ligge i det Salz-
burgske, og hvis min Plan med Udstillingen i Norge ei ganske mis-
lykkes, da tænker jeg at gaae ned til det adriatiske Hav, for igjen
at lugte Saltvand og trækker mig i Vinterquarter i München, - hvor
Kunstnerlivet og Kunst Aanden mere kan opmuntres end i
Dresden, hvor ingen af Delene kan anbefales, - thi naar Dahl og
Friedrich undtages staaer...... (revet bort) langt over. - Jeg har
denne Vinter malet meget, men.... (revet bort) nægtet mig alle
Fornøielser; for at kunne komme bort herfra. - Fra Dahl, har
jeg mange Hilsninger til Dem, - og taler vi ret ofte om Dem. -
Da jeg haaber at min Udstilling kommer i Stand i Christia -
har jeg en Bøn til Dem om De vil være saa god fernesse de Ma-
lerier som kunde behøves, saasom mit Gaustad, - Prospecten
af Dresden, og min store Søestorm; hvis samme ei skulde blive
solgt i Hamburg. - Udlægget vil Her Andresen erlægge for mig.
Jeg bliver i det Hele Bestyrelsen af Tegneskolen meget forbun-
den, for Tilladelsen at benytte Tegneskolens Locale, - hvilket
naturligvis bliver mig en betydelig Lettelse. - Ogsaa kommer
en Deel gamle Malerier op, hvilke jeg for (Student?) Hefty har kjøbt,
hvilke, om man saa synes deroppe kunde bidrage til at gjøre
Udstillingen interresantere. - Dog dette overlades ganske til De der
tager sig af Sagen. - Da Tiden nu er saa knap for mig, og mit
hele Humeur forstemt, som det altid gaaer mod en Reise, - kan
jeg ei give nogle interressante Beretninger om hvad der passerer
i den tydske Kunstner Verden, - og saa synderlig opbyggende, som
man i Norden troer vilde det heller ikke blive - og maae De derfor
holde mig det tilgode, - - og nu et Lev vel. -
med fortrinlig Agtelse og Venskab -
Deres Th. Fearnley"|"Dresden den 15 Juni 1830.-
Bedste Berr Flintoe!
Jeg skulde vel begynde med en hel Noben Undskyldninger for,
at jeg siden min Afreise fra Norge, ei har givet en Lyd fra mig,
men De kjender nu min svage Side engang, og veed at det ei er Lige-
gyldighed som kan være Aarsag dertil, men blodt min fordømte Anti-
pathie mod Pen og Blæk. - Endeligen er jeg nu kommen saa
vidt at jeg kan tænke paa Syden. - Paa Løverdag gaaer jeg gjennem
Bøhmen, til München og tænker jeg i Sommer at ligge i det Sabr-
burgske, og hvis min Plan med Udstillingen i Norge i ganske mis-
lykkes, da tænker jeg at gaae med til det adriatiske Hav, forigjen
at lugte Saltvand og trækker mig i Vinterguarter i München, - hvor
Kunstnerlivet og Kunst Aanden mere kan opmuntres end i
Dresden, hvor ingen af Delene kan anbefales, - thi naar Dahl og
Findrich undlages staaer. - - - (revet bort) langt over. - Jeg har
denne Vinter malet meget, men. - frevet bort) nægtet mig alle
Fornøielser: for at kunne komme bort, herfra. - Fra Dahl, har
jeg mange Hilsninger til Dem, og taler vi ret ofte om Dem. -
Da jeg haaber at min Udstilling kommer i Stand i Christia-
har jeg en Bøn til Dem, om De vil være saa god fernesse de Ma-
lerier som kunde behøves, saasom mit Gaustad, - Prospecten
af Dresden, og min store Søestorm; hvis samme ei skulde blive
solgt i Hamburg. - Udlægget vil Her Andresen erlægge for mig.
Jeg bliver i det Rele Bestyrelsen af Tegneskolen meget forbun-
den, for Tilladelsen at benytte Tegneskolens Locale, - hvilket
naturligvissbliver mig en betydelig Lettelse. - Ogsaa kommer
en Deel gamle Malerier op, hvilke jeg for (studentistefty har kjøbt)
hvilke, om man saa synes deroppe kunde bidrage til at gjøre
Udstillingen interresantere. - Dog dette overlades ganske til De der
tager sig af Sagen. - Da Tiden nu er saa knap for mig, og mit
hele dumeur forstemt, som det altid gaaer mod en Reise, - kan
jeg ei give nogle interressante Beretninger om hvad der passerer
i den tydske Konstner Verden, - og saa synderlig opbyggende, som
man i Norden troer vilde det heller ikke blive - og maae De derfor
holde mig det tilgode, - og nu et Lev vel. -
med fortrinlig Agtelse og Penskab -
Deres Th. Flarnley"|"https://demo.arkindex.org/element/747e70be-749b-4f83-a871-c937f1b7cbed"
"cfeb1a9b-1917-4e1d-a4e2-57ff119655e2"|"Rom den 28 October 1882
Kjære Herr Doctor.
Af Deres Ærede af 25de
som jeg modtog idag, erfarede
jeg med Fornøielse, at de af-
sendte Postsager vare rigtigt
komne frem. Senere har jeg
kun afsendt
to
Breve til Dem.
Den idag modtagne Vexel har
jeg ifølge Deres Ønske omsat
hos Schmitt, Nast & Co, og sen-
der Dem vedlagt Beløbet -
fl 235 er i østerrigske Banksedler
tilligemed D Herrers Nota.
I de sidste Dage have vi
atter uroligt Veir. Stærk Sirocco
Regn & Torden. Ankomne ere
en Fru Munthe & Frk Lunde fra
Norge. Med venligst Hilsen
til Dem & Familie fra os Begge
Frk Ahlberg
er ogsaa ankommen.
Deres hengivne
C. A. Myhlenphort"|"Rom den 28 October 1882
Kjære Herr Doctor.
Af Deres Ærede af 25de
som jeg modtos idag erfarede
jeg med Fornøielse, at de af-
dendte Paatsager vore rigtigt
komme frem. Senere har jeg
kun afsendt et
et
et Brevetil Dem.
Den idag modtagne Vexel har
jeg ifølg. Deres Ønske omsat
hos Schmitt Nast i C. og sen-
der Dem vedlagt Beløbet -
fl 235 e i østerrigske Banksedler
tilligemed D Herrers Nota.
I de sidste Dag. Mave vi
atter uroligt Veir. Stærk Sirous
Regn + Torden. Ankomne ere
en Fru Munthe & kik Lunde fra
Norge. Med venligst Hilsen
til Dem & Familie fra os Begge
Frk ahlberg Deres hengivne
er ogsaa ankommen. A. Myhlenphort"|"https://demo.arkindex.org/element/765e7566-ef26-4de8-93c8-c76162550bbe"
"7377ab9d-d1e4-4e0d-bc78-7d5fe547e874"|"Kjære fru Garborg
Jeg er her med medicinen. Gutten skulde
helst begynde at ta den 1 døgn før afrejsen, sa lægen,
da den først virker bagefter. Dog mente han at når
han begyndte i eftermiddag det vilde hjælpe. Han
skal ha 5 à 6 barneskefulde i døgnet eller om
dagen og holde på imorgen på dampskibet også.
De selv kunde også ta den med godt resultat,
men spiseskefulde istedetfor de små.
Hils Garborg mange gange og lev vel! Det
var kjedeligt jeg ikke traf Dere. Men klem nu
bare på med miksturen straks, så skal De se
for en pen hjemrejse Dere får.
Venlig hilsen fra
Amalie Skram.
(uten datum, må være før Pariseropholdet)"|"Kjære fru Carborg
Jeg er her med medecinen. Chetten skulde
helst begynde at ta den 1døgne før afsejsen, sa lægere,
da den først virker bagefter. Dog mente han at når
han begyndte i eftermiddag det vilde hjælpe. Han
skal ha 5 å 6 barneskefulde i døgnet eller om
dagen og holde på imorgen på dampskibet også.
De selv kunde også ta den med fodt resultat,
men spiseskefulde istedetfor de Små.
Hils Cvarborg mange gange og lev vel! Det
var kjedeligt jeg ikke traf Dere. Men klem nu
bare på med mikstuden Straks, så skal De se
for en pen hjemrejse Dre føs.
Venlig hilsen fra
Amalie Skram.
(uten datenen, må fvære før Paris eropholdet)"|"https://demo.arkindex.org/element/77e72bc2-a700-4e43-b536-2b8f0713676a"
"4afb60f8-df7f-4bfa-aad0-f1dd283661f3"|"NORGES FISKERISTYRELSE
VIDENSKABELIGE AFDELING
(CORRESPONDANCE OM DENNE SAG BEDES ADDRESSERET TIL AFDELINGEN DIREKTE.)
Bergen den
190
p. t. Sigerfjord i Vesteraalen
14 Marts 03.
Kjære ven!
Jeg beklagede meget sidst jeg traf Dig at
vi kom til at skilles saa braat. Jeg var nemlig kun
en dag i Kristiania, og mødte, som Du husker, nogle
damer, som har vist mig og expeditionen saa stor
gjæstfrihed paa Island, som jeg ikke kunde undlade at
hilse paa. Jeg haaber, det ikke stødte Dig, og jeg havde
haabet at se Dig igjen.
Det glædede mig meget af aviserne at se om
Dit foredrag og de store forhaabninger Du nærer til
kanonen. Det maatte være en stor glæde at se dem
gaa i opfyldelse. Jeg ønsker Dig dette af hele min
sjæl for alt Dit slid.
Jeg ligger her og bakser mod styggeveir og storm
her begynder at lysne lidt, men endnu er situationen
dog meget alvorlig. Lev vel
Din hengivne.
Johan Hjort."|"NokoEs FISKERISTUKEISE
Borgen den
Kjære ven!
Jeg beblagede meget sidst jeg traf Dig at
vi kom til at slulles saa braat. Jeg var menlig kun
en dag i Kristiania, og mødte, som Du husker, nogle
damer, som har vist mig og expeditvænen saa stor
gjæstfrihed paa Island, som jeg ikke kunde tindlade at
hilse paa. Jeg haaber, det ikke stødte Dig, og jeg havde
haabet at se Dig digen.
Det glædede mig meget af aviserne at se om
Dit foredrag og de store forhaabrunger Du nærer til
kanonen. Det maatte være en stor glæde at se dem
gar i opfyldelse. Jeg ønsker Dig dette af hele min
gal for alt Dit slid.
Jeg hjerther og baleser mod styggeveir og storm
her begynder at lysere lidt, men endnu er situatvonen
dog meget alvorlig. Lev vel
Din hengivne -
Man Hjært."|"https://demo.arkindex.org/element/7a7a2e2f-3a57-46dc-9e19-9cc1f6003ce7"
"4d7c6a73-a2df-4fe2-94a8-b260ebd520df"|"HELGE VÆRINGSAASEN
POST- JERNVEI- & TELEGRAF ADRESSE
ELVERUM.
KORSBAKKEN DEN 10de April 1877
Hr. Ivar Aasen
Christiania!
Med Posten igaar modtog jeg, - under Korsbaand -
en ""Indbydelse til Actietegning"" i et ""Actieselskab""
til Udgivelse af et Ugeblad, ""Fedreheimen"", ""der stiller
sig som væsentlig Opgave at arbeide for vort Folks Oplysning
og Udvikling paa den hjemlige Nationalitets Grund"", betjenende
""sig af selve det norske Bondefolks eget Sprog"", - ""Redak
""officielle"" Orthografi bliver dog Landsmaalet"".
Hvis ""Fredheimen"" ""kunde gjøre sig til almindelig Organ
for den nye norske Sprog- og Nationalitetsbevægelse""
og man ved at støtte Aktietegningen tillige
kunde have Sandsynlighed for at man støttede og
muligens fremmede Sprogsagen, da skulle det
være en Fornøielse at træde til.
Da der imidlertid anføres at ""Redaktionen ledes
(indtil videre anonymt) af "" Indbydelsens Undertegnede
Student Arne Garborg, og dette er et for mig
aldeles ukjendt Navn, saa haaber jeg at De,
- for Sagens Skyld - vil undskylde, at jeg er saa
fri at bede om Deres Udtalelse og Formening
angaaende denne Sag, thi hvis Arne Garborg
skulle være Manden til at tage denne Sag paa
sine Skuldre, da antager jeg at De kjender baade
ham og dette paatænkte Foretagende.
Med venlig Hilsen, tegner høiagtningsfuldt
og forbindtligst
Helge Væringsaasen"|"V.5.050
NoRssakken den 18de April 1877
Kr. Ivar Aaden
Christiania!
Med Paaten igaar medtog jeg, - under Hosshund-
en ""Indlydelse til Actietegning"" i et Actildelskab""
til udgivelse af et Ugeblad, ""Fedreheimen"", ""de stykker
dig som væsentlig Opgave at arbeide for vort Folks Oplysning
og Udvikling paa den hjemlige Nationalitels Grund», betjenens
sig af selve det norske Bondefolkes eget Sprog, - Redakt
officielle Orthografi bliver dog Landamandet"".
Hvis Fredheimen ""hundre kjøre og til almindelig Og-
for den nye mralse Sporg - og Nationalitetsbevægelse
og man ned ut stølle Aktielegningen tillige
kunde have Glandag ulighed for at min stuttede og
meligend fremmede. Sprogdagen, da skulle Det
være en Fornøielse at trede til.
De der imidlertid onføres at Bedaktionen helse
(indsel vidne overignt) af ""Indbydelsens Underligner
Student Arne Gaaborg, og dette er et for mig
aldeles uhjendt Navn, den hunler jeg at De,
- for Syens Skyld - vil demiskylde at jeg er dem
for at bede om vil demskylde at jeg er dem
engang ved denne Sag, thi halde at jeg er dem
skulle være Menne Sag, thi halelse at jeg er dem
ham og dette, da antaget lages Aar Dennemang
Med venlig Hilsen, hvertagende Dager jeg meg
Helgind Bjender bunde
Helge Væringsfuldt
Helgi Væringdensen"|"https://demo.arkindex.org/element/7a7cdd85-f44d-47a3-bc3e-79712e9be3d2"
"b5401fb6-ecc3-452e-a1f5-7bcc3b911b47"|"FOR AT UNDGAA NAVNEFORVEXLING BEDES BEMÆRKET: AT NAVNET IKKE SKRIVES MED DOBBELT
W. LIGESAALIDT SOM MED P, MEN MED FULDT Fornavn OG ENKELT V."|"Jeg har tat til at seet i det et skal været at skrive at jeg skal være til Dig."|"https://demo.arkindex.org/element/7a7cdd85-f44d-47a3-bc3e-79712e9be3d2"
"918a1d91-d151-4ef5-b014-bf580079cbe9"|"Det danske meteorologiske Institut.
Bestyreren.
Kjøbenhavn, den 20 Oktober 1900.
No
Kære Professor Birkeland!
Hermed de ønskede Magnetiske Kurver;
den medfølgende Seddel vil formentlig
gøre videre Oplysninger overflødige.
- Med bedste Hilsen
Deres ærb. hengivne
- Adam Paulsen"|"Kjøbenhavn, den 20. Oktober 1900.
Kjære Professor Bødeland!
Hermed de ønskede magnetrske Kunver;
den medfølgende Siddel vil formartlig
gøre nødere Oplysninger overslødige.
- Med ludste Hilsener
Deres ælle hengivne
C ham Taulsen"|"https://demo.arkindex.org/element/8bfa089c-2af0-4727-a090-ad769f9db8c0"
"fe5a9a5d-8de7-4250-a1e3-bc1ca66e971c"|"Holmenkollen den 5te April
Til
Læseforeninges Bestyrelse
Herigjennem faar jeg Lov at
bringe Eder min dybtfølte
Tak for den store Ære at ville
indlemme mig i Eders Læsefor-
ening, som æresmedlem, det har
baade glædet og rørt mig meget.
Eders meget forbundne
Anna Collett Børs"|"Holmenkollendens April
Til
Læseforeninges Bestyrelse
Herigjennem faar jeg Lov at
bringe Eder min dybtfølte
Tak for den store Ære at ville
indlemme mig i Eders Lasefor-
ening, som Æresmedlem, det har
baade glædet og rørt mig meget.
Ders meget forbundne
Anna Colle W Børs"|"https://demo.arkindex.org/element/8c26529b-e23b-43a2-a70a-0c3b6578dcd6"
"cb69aaaf-61ea-4041-8234-9f2498bc4d2c"|"Høvik Nyaarskveld.
Om fonnerne vokser saa togene staar
og alting omkring sner inde,
en hilsen med tak for det
gamle aar
og ønsker for det som vi foran staar,
vi sender for veir og vinde.
Den skal nok vennerne finde!
Aagot, Maia, Elling Holst."|"Nørøk Nyaarskvelt.
Herrie vokser saa togene staar
og og alting senkrøng sner inde,
en hilsen med tak for det
gamle aar
- og ønsker for det, som vi foran staar,
vi sender for veir og vinde.
Den skal nok vennerne finde!
Stogot, Maia, Elling Holdt."|"https://demo.arkindex.org/element/8c5331a3-2e86-4d8c-a210-5afcf2cae38c"
"8c0b765e-0588-4062-84ad-dd83ae88db11"|"Hr. Sekretær Østgaard.
Jeg tillader mig herved ær-
bødigst at henstille til
Deres velvillighed at sætte
mig i Stand til at bedømme
medfølgende 2 Skrivelser
fra D Hrr. Dr. Aabel og
Kand C. Hall. De om-
handlede Skrivelser vil
jeg være forbunden for at
erholde tilbage med Deres
Svar.
d. 13de Juni 1882.
Deres ærbødige og for-
bundne
N G Dietrichson"|"Noforn. 112
Kjære Hr. Sekvekær Ødtgaard.
Jr. Sekvekær Odtgaard.
Jag tillader mig herved er,
bi-igst at hunstilladie
Dem velvilligen at sæske
mig i Stand til at besvade
undgilgende 2 Skrivelsen
fra tidrr. Dr. Aabel og
Kand. C. Hall. De om-
transende skrivelser vil
jag være gorbunden for at
esholde tilhage med Deres
Svad.
D. 13de Juni 1882.
Deres ærbødige og fra,
brundne
Atte Millet 100"|"https://demo.arkindex.org/element/8d04903e-ecd2-46dc-b147-ab7a59728579"
"03c85bcd-2159-4369-81be-14810d749632"|"Indk 14/6 1882
Besv. 15/6 1882."|"Prof. K. Bonnevie
Professorløkken, Villedi"|"https://demo.arkindex.org/element/8d04903e-ecd2-46dc-b147-ab7a59728579"
"5728d806-f6ad-4d5e-90b6-903242624496"|"Evige og kjære Inga!
godt Nytaar!
Maatte alle Dine dristigste Ønsker
gaa i en sikker Laas!
Og tusin Takker for Dine altid rund-
hændede Aftenselskaper, Vin og Piger
und Gesang!
Beret, Barna hilser, men jeg skriver
ikke mere, da Du kan tænke Dig hele
Resten, mye bedre!
Din Dig i dette og tilkommende Liv,
Chr. Skredsvig
Hagan 31/12-1919."|"Evige og kjære Inga!
godt Nytaar!
Maatte alle Dine dristigste Ønsker
gaa i en rikker Lads!
Og hvin Takker for Dine altid rund-
hændede Aftenrekkaper, Vin og Tiger
und Gesang!
Beret, Barna hilser, men jeg skriver
ikke mere, da Du kan tænke Dig hele
Resten, mege bedre!
Din Dig i dette og tilkommende Liv.
Chr. Skridmig
Hagan 31/12. 1919."|"https://demo.arkindex.org/element/8d65e484-ec3a-45ca-9c26-d0bb0bff6d9a"
"a30c20bc-d362-4510-b03e-14632d04cd93"|"Hr. Riksstipendiat
Ivar Aasen!
Begge Smaagutarne mine
her, Olav og Arnor, hev vore
sjuke, Olav av ""Lungebetændelse""
og Arnor av Magasjuke, som
han ligg klein av enno. Dei
er 4 ½ og 1 ½  Aar. No er det
gjenge so mykje ut til Doktor
og Medicin, at det inkje vil
røkkja længre, enndaa eg
i dei siste Vikurne hev
tjent nokso bra. Kunde I
no vera so gild mot meg enno
ei Gong at sende med Kjeringi
mi nokra Kronur, so vært eg
sagta fegjen.
Maatte I leva vel, til eg
fekk Skuldi mi til Dykk.
Med høgste Vyrdnad
Dykkar Jon Flatabø.
Kra. 21.11.93."|"Hr. Riksstipendiat
Svar Aasen!
Begge Smaagstarne mine
her, Olav og Arnor, hev vore
sjuke, Olav av ""Lungebetændelse""
og Arnor av Magaspike, som
han ligg klimav enno. Dei
er 4½½ og 1½ Aar. No er det
gjenge so mykje ut til Doktar
og Medisin, at dat inkje vil
røkkja længre, enndaa eg
i dei sista Vikurm hev
tjent nokso bra. Kunde I
no vera so gild mot meg enno
ei Gong at sende med Kjeringi
nu nokra Kronur, so vart eg
sagta fegjen.
Maatte Ileva vel, til eg
fikk Skulde nu til Dykk.
Med høgste Vyrdaad
Dykkar Jon Flatabø."|"https://demo.arkindex.org/element/8efb6739-50c2-451e-b921-49bf1eb14850"
"e8dc1358-1824-44e4-b8e9-6cab7b5e311f"|"Til familien Sohlberg.
Det er med vemod jeg har læst
at Harald Sohlberg er død. Med ham er
en av Norges store malere gåt bort. Hans
indsats i Norsk Kunst er meget merkelig.
Han står steil og ensom i sin Kunst, han
lignet ikke på nogen og ingen har lignet
ham. Vi var jevngamle og gik sammen
på Eilif Petterssens og Harriet Backers maler-
skole vinteren 1894 men siden var det meget
skjelden jeg traf ham. Men altid senere
omfattet jeg hans Kunst med den største
interesse. Hans billeder har etset sig ind
i erindringen ved sin voldsomme personlige
opfatning, sin prakt og sin steile egenart.
Jeg vil herved gjerne gi uttryk for min
inderlige deltagelse i den sorg, som har
rammet Dere. Hans død er et stort tap
for norsk Kunst.
Med venlig hilsen
Deres ærbødige
Kristen Holbø.
Lillehammer
22 juni 1935."|"Til famelien Sohlberg.
Det er med vemod jeg har læst
at Harald Sohlberg er død. Med ham er
en av Norges store malere jåt bort. Hans
indsats i Norsk Kunst er meget merkelig.
Han står steil og ensom i sin Kunst, han
lignet ikke på nogen og ingen har lignet
ham. Vi var jevngamle og gik sammen
på Eilif Pettersjens og Harriet Backers maler-
skole vinteren 1894 men siden var det meget
skjelden jeg traf ham. Men altid senere
omfattet jeg hans Kunst med den største
interesse. Hans billeder har etset sig ind
i erindringen ved sin voldsomme personlige
opfatning, sin prakt og sin steile egenart.
Jeg vil herved gjerne gi uttryk for min
inderlige deltagelse i den sorg, som har
vammet Dere. Hans død er et stort tap
for norsk Kunst.
Med venlig hilsen
Deres ærbødige
Kristen Holbø."|"https://demo.arkindex.org/element/917b90d5-8ba7-4a9e-a7f8-6bca5af7bb05"
"376dce04-8f0d-4b3c-a0bc-1cea7acca62f"|"Hr. bokreidar Olaf Norli,
Kristiania.
Hermed sender eg Dykk det eine expl.
av kontrakten imillom oss. Samstundes sender
eg det 4de ark korrektur attende. - Eg har
vore i tvil um ymse maalformer hittil, - er
ikkje so heilt einig i den ""aasenske maalform"" -,
men har no teke ei avgjerdsla. Som De ser, er
det vanleg landsmaalsform med smaa brigde
her og kvar. Men De maa orsaka at De fekk
kladden aa
prenta; det var ikkje meininga.
Vil De so vera so venleg aa merka
Dykk, at tilskrifta mi no er Kotsøien st.,
ikkje Faksdal lenger, so gaar det fortare.
Dykkar vyrdsame
Olav Duun"|"Hr. bokreidar Olaf Worli,
Kristiania.
Hermed sender eg Dykk det eine sepl.
av kontrakten imillom oss. Samstundes sender
eg det 4de ark kovrektur attende. - Eg har
vore i lvil um ymse maalformer hittil, - er
ikkje so heilt einig i den ""aasenske maalform"", -,
men har no teke ei avgjerdsla. Som De ser, er
det vanleg landsmaalsform med smaa brigde-
her og kvar. Men De maa orsaka at De fekk
kladden aa try prenta; det var ikkje meininga
Vil De oo vera do venleg aa merka
Dykk, at tilskrifta mi no er Kotsøien st.
ikkje Faksdal lenger, so gaar det forbare.
Dykkar vyrdnadsame
Olav Duun"|"https://demo.arkindex.org/element/9693a2a3-5472-4d6b-b55e-dfd52b675f35"
"b6374a58-40cb-4e60-811d-68a6efd4a4fd"|"Herr billedhugger G. Vigeland.
Jeg tillater mig herved paa
vegne av Eidsvoldsmonumentets
sakkyndige komite at forespørge,
om De skulde være villig til, efterat
ha besigtiget det av billedhugger
Olaf Paulsen i Blomqvists kunst-
handel utstilte utkast til et Eids-
voldsmonument, at delta i
nævnte komites møte i ""Haand-
verkeren"" fredag den 7de april
d. a. kl. 10 form. til avgivelse av
uttalelse om nævnte utkast.
Kristiania den mars 1911.
Ærbødigst
Dr. Otto Anderssen"|"Herr billedhugger G. Vigeland.
Jeg tillater mig herved paa
vegne av Vidsvoldsmonumentets
sakkyndige komite at forespørge,
om De skulde være villig til, efterat
ha besigtiget det av billedhugger
Olaf Paulsen i Blomqvists kunst
handel uktilte utkast til et bids-
voldsmonument, at delta i
nævnte komitesmøte i «Haand-
verkeren» fredag den 7de
april
d.a. kl. 10 form. til avgivelse av
uttalelse om nævnte utkast.
Kristiania den mars 1911.
Ærbødigst
Ho Anderssen"|"https://demo.arkindex.org/element/99e69ec7-3b7a-4909-907d-6206249b16c8"
"3124c0a6-defd-42f4-b473-0807ce71c0ff"|"1844.2.28
Trondhjem 28d. Febr 1844.
Min gamle Ven!
Ret meget være De takket for Deres mig kjærkomne
Skrivelse af 10d. f M og beklager jeg at sammes Be-
svarelse er bleven udsat saa længe og som fornemmelig
hidrører fra mit Arbeide paa Thomas Angells Buste
der nu er færdig og som senere vil blive udført i Marmor.
Desforuden har jeg modelleret nogle Smaafigurer.
Meget forbunden er jeg Dem for de mang inte-
ressante Beretninger De meddeler mig i Deres Brev
og vil det være mig særdeles kjært ved min An-
komst til Christiania at faa en fuldstændig Under-
retning om Alt det Omskrevne. Saa snart Veiret
bliver noget blidere tænker jeg at tage paa Reisen
da jeg nu er frisk og vel. Jeg skal vist ikke
forglemme at gjøre Brug af Deres godhedsfulde
Tilbud hvad Logie angaaer.
De faaer just ikke mange Linier til Svar paa
Deres indholdsrige Brev, men De veed nok fra
gammel Tid at jeg just ingen Forse har i Brev-
skrivn. og desuden haaber jeg der ikke skal
hengaa meget lang Tid inden jeg faaer den For-
nøielse at tale med Dem. Deres hengivne
H. Michelsen"|"Trondhjem 28de Febr 1844.
Min gamle Ven!
Ret meget være De takket for Deres mig kjærkomme
skrivelse af 10de f M og beklager jeg at samme Br.
snarelse er bleven udsat saa længe og som fornemmelig
sidrøver fra mit Arbeide paa Skomas Angells Buste
der nu er færdig og som fenere vil blive udført i Mama.
Dersomden har jeg modelleret nogle Smaae figurer.
Meget forbunden er jeg Dem for de mang inter-
ressants Beretninger De meddeles mig i Deres Brev
og vil det være mig færdeles kjært ved min An-
komst til Christiania at faa en fuldstændig Under-
retning om Alt det Omskrevne. Saa snart Veiren
bliver noget blidere tænker jeg at tage paa Arisen
da jeg nu er frisk og vel. Jeg skal vist ikke
forglemme at gjøre Brug af Deres godhedsfulde
Tilbud hvad Logir angaaer.
De faaer gust ikke mange Linie-til Svar paa
Deres indholderige Brev, men De veed nok fra
gammel Tid at jeg just ingen Foree har i Brev-
skriven og deruden saaber jeg der ikke skal
hengaa meget lang Tid inden jeg faaer den For-
nøielse at tale med Dem. He Michetsen"|"https://demo.arkindex.org/element/9f3f7e6b-ea56-4a83-a3b2-12e8851dcd0b"
"b0af907e-2ff6-4bb5-9141-c1c8d64421e5"|"Christiania Slot 28 Februar 1895
HANS MAJESTÆT KONGENS
VAGTH. CABINETSKAMMERHERRE.
Hans Majestæt Kongen
har befalet mig at forespørge an-
gaaende Fruens Helbredstilstand,
hvilket jeg herved giver mig den Ære
at fremføre.
Ærbødigst
H. S. Løvenskiold
Fru Camilla Collett
født Wergeland"|"Christiania Slot 28 Februar 1895
Kans Majestæt Rongen
har befalet mig at forespørge an-
gaaende Fruens Helbredstilstand,
hvilket jeg herved giver mig den Ærd
at fremføre.
Ærbødigst
H. S. Løvenskiold
H. S. Løvenskiold"|"https://demo.arkindex.org/element/9f55db84-43e6-4d43-aa39-3356d5ce166c"
"52ed422d-161a-4c56-9b71-e62e273bf642"|"Kristiania 16/2/03
Kjære hr. Vigeland!
Mens jeg husker på
det, sender jeg Dem
omtalte fotografi af
Sigbjørn.
Tak for beskeden til
hr. Væring om at la
mig få fotografiet af
Deres ""Abel"", som nu
pryder mit kammer.
Deres
H. Obstfelder."|"Kristiania 16/2/03
Kjære hr. Vigeland!
Mens jeg tinsker på
det, sender jeg Dem
omtalte fotografi af
Sigligøm.
Tak for beskeden til
hr. Varing om at la
mig få fotogapir af
Dere ""Abee"", som nu
pnyder mit kammer.
Deres
H. Obstfeeder."|"https://demo.arkindex.org/element/a07f49a2-89a0-4493-b4f8-084c53d0aeed"
"a8babacc-8501-4378-bc78-0c4ac8bc85a1"|"Ivar Aasen.
Kunde De gjera meg den Tenesta å senda
meg ""Müllers Saga-Bibliothek"" 1ste Bind,
um eg skulde freista med eitt Fyreord
til ""Viglund""? Takk fyr Dykkar Råder;
eg skal fylgja deim. Med venleg Helsing
Matias Skar.
30/5 74.
Bustad:
Ulefos,
Skien."|"174
Tvar Aasen.
Kunde De gjera meg den Tenesta å senda
meg «Müllers Saga-Bibliothek» 1te Bind,
inn eg skulde freista med eitt Fyreord
til ""Viglund"". Takk fyr Vykkar Røder;
eg skal fylgja denn. Med venleg Helsing
Matias Skar.
30/5 74.
Bustad:
Ulefos,
Skien."|"https://demo.arkindex.org/element/b24c41dc-206f-438a-8469-0a79cd528684"
"47de9a2d-d877-43f1-a25b-13a01c3f0b27"|"Kristiania, 7 Oktober 1884.
Herr Universitetsstipendiat
Ivar Aasen.
En af vore Forf., der beskriver en Scene
paa Kongsberg Marked for en Del Aar tilbage
har spurgt mig hvad der er korrektest at lade
en Hallingdøl (der bliver indtaget i en Pige paa Mar-
kedet) sige enten ret og slet: ""Vil Du væra Jenta mi,
Du?"" - eller bruge en anden Udtryksmaade, f. Ex.
Hev Du Hug til at væra Jenta mi' Du?
Er Du hugen paa at være osv.
Da jeg ikke tør indlade mig paa at afgjøre
dette Spørgsmaal, tillader jeg mig i Ærbødighed at hen-
vende mig til den bedste Autoritet paa dette Felt,
Hr Aasen, med venlig Anmodning om godhedsfuld
at lade mig høre Deres Mening.
Med Høiagtelse og Forbindtlighed
ærbødigst
G. Kr. Johs. Parmann
(Eier af Mallings Boghandel.)"|"Kristiania, 7 Oktober 1887.
Herr Universitetsstipendiat
Svar Aasen.
En af vore Forf., der beskriver nu Scene
paa Aonysberg Marked for en Del Aar tilbage
har spurgt mig hvad der er komektest at lade
en dallingdøl (der bliver indtaget i en Pige paa Mar,
kidelssige enten ret og slet: ""Vil Du være Jenta mig
(Du?"" - eller bruge en anden Udtryktmaaderf. ca.
Her Den derog til at være Jenta mi Du?
Er Dem hugen paa et være op. -
Da jeg ikke tør endlade mig paa at afgjøre
dette spørpmaal, tillader jeg mig i ærbødighed at hen-
vende mig til den bedste Antoridet paa dette Telt,
Hr Aasen, med venlig Anmodning om godhedsfuld
at lade mig høre Deres Mening.
Med Løiagtelse og Forbindtlighed
ærbødigst
O. Kr Johs. Farmann
(eier af Hanriqs sorhandler)"|"https://demo.arkindex.org/element/c0179f02-b193-488f-afb5-7beb3c1f5c06"
"17a48c45-7241-4ce3-8a5a-ce8d4bcbd381"|"KOMITEEN FOR
VIGELANDS FONTÆNE.
Kristiania den 14. juni 1924
Hr. Gustav Vigeland.
Komitéen besluttet i sitt møte idag at formannen skulde henvende sig til Dem i anled-
ning av følgende passus i den av Bonnevie og Dem utarbeidede redegjørelse:
""Da Vigeland endnu ikke o. s. v.""
Det har heller ikke været
kunstnerens mening at Tørtebergplanens vedtagelse skal binde kommunen til å godta ennu ikke
foreliggende forslag. Bystyret kan i sin tid helt anta eller...
Man fant det ønskelig at der forelå en bestemt skriftlig uttalelse fra Dem angående dette punkt,
som kunde følge saken til kommunestyret, så Deres standpunkt for dette spørsmål klart
frem-
gikk.
Forøvrig reistes der, specielt fra dr. Martinsen,
innvending mot den siste del av ovenstå-
ende citat: ""Det må imidlertid være utelukket o. s. v."", idet man fant at bystyret vanskelig kunde gå
med på en sådan betingelse. Følgen vilde bli at også tilhengere av opstillingen på Tørteberg vilde komme
til å stemme mot
opstilling
der.
Andre, som advokatene Næser og
Nørregaard og formannen,
fremholdt at det under denne sakens stilling ikke
kunde
være forbundet med større betænkelighet for
Dem å utelate
denne reservasjon, med full forståelse av spørsmålets betydning for Dem, idet
de anså det
å være utenfor rimelighetens grænser at noget bystyre vilde gå til skulpturell
utsmykning av broen og fonten uten ved Dem. Andre, som
Bonnevie
og Dedekam
følte sig ikke sikker i
så henseende og mente at reservasjonen burde bli stående.
Jeg vil henstille til Dem å ta dette spørsmål under alvorlig overveielse og snarest meddele
mig Deres standpunkt i sammenheng med den ovenfor nevnte erklæring."|"Kristiania den 14jjuni
Hr. Gustav Vigeland
Komitien bealuttet i ritt møle idag at fornammen skulde henvende sig til Digp i anled-
ning av følgende panus i den av Rommere og dem utorbalde vedejørels: ""Det har heller ikke været
lunstnervis mening at Tørtebergelancis vedtagelse skal binde hommen til å godte ennu ikke
foreliggende forelag. Rystyret kan i sin tid helt ante eller. –.
Man faat det ønskelig et der forelø en bestemt skrfftig attelelse fra Dem anjående dette punlt
som hunde følge aaken til hommestpit, så Deres stændpendet for dett spørsmål plast og bor frem-
gikl.
Forøvrag visster der opcalt for dr. Mertemen, bestemt uuvending mot den ute del av ovensta
end eitet: Det må undlolet være utelukles saa i, det man fant at byeligvit vanskelig hunt jo
med ju en rådan betingelse. Følgen erede bli at opri tilhenger av opertellingen på Førleberg alle hamme,
til å stemme mot de opstillingen der. S. Andre, som gdvolalen Narer og tho Nørregaard jeg formannen,
fremholdt, at det under denne rakens stilling ikke ved være forhendet med større belønhelighet for
Dem og utelet hele denne veservarpon; med full fortaltsaa spørsenalets betydning for dem, idet
de anså det uten å være utenfor virnelighedens grænner at noget bystyre vilde gå til stemligstevel
utmylning, av broen og førlen uten ved Dem. Andre, som overmed Bonnøre følt sig ikke rikker i
så henreende sig maade at vænevasjonen livet bli ståene.
Jeg vil hendelt til Dom å ta dett spørsmål inder alenet, avveiles og mæret meddele
mig Deres standgindet i rammenheng mel den even for nemli erklærning om Deres for"|"https://demo.arkindex.org/element/caa9f87c-753a-42f7-a628-7ca1eeeda0a6"
"c89efb9f-2f84-407c-a2a4-06fc9937b2a1"|"STORTINGETS PRÆSIDENT
KRISTIANIA den 9de mai 1913
Frøken Harriet Backer.
Bergen.
I henhold til Deres brev av 10/4 skal
man herved overdra Dem utførelsen av et portræt
for Stortingets forsamlingssal av Eidsvoldsmanden
Peder Anker. Billedet forutsættes leveret senest
inden 1ste april 1914.
Man anmoder om Deres erkjendelse
av nærværende bestilling.
J. Løvland
præsident
V. Haffner"|"Krøken Harriet Backer.
Bergen.
I henhold til Deres brev av 10/4 skal
man herved overdra Dem utførelsen av et portræt
for Storlingets forramlingssal av Eidsvoldsmanden
Peder Anker.
Billedet forutsættes leveret senest
inden 1ste april 1914.
Man anmoder om Deres erkjendelse
av nærværende bestilling.
Høvland
prasident"|"https://demo.arkindex.org/element/cf9705de-1a2c-4e91-8304-b99c0960f79d"
"e43c6fb7-c5fa-482f-8a93-51f39489162c"|"Gode Ven!
Jeg beder Dig herved om,
at Du vil gjøre mig den Tje-
neste, at staa Fadder til min
yngste Søn paa førstkommende
Søndag. De andre, jeg har bedt, er
M. Aarflot og Seminarilærer
Kobberstad.
Kristiania den 26. Mai 1875
Din
J. Welle."|"Sade Ven!
Jeg beder Dig herved om,
at Du vil gjøre mig den Tje-
neste, at staa Fadder til min
ynyste Søn paa førstkommende
Søndag. De andre, jeg har bedt, er
M. Aarflot og Sminarilærer
Kobberstad.
Kristiania den 26de Mai 1875
Din
O. Wille."|"https://demo.arkindex.org/element/d0da1616-22ec-4444-8c7e-5f29d10bc4b9"
"e352a25b-bb89-4868-9aef-16d52a61d411"|"Hr. billedhugger Vigeland.
I anledning af ærede af 11te d. m
meddeles, at der vistnok endnu
ikke er taget nogen bestemmelse
m. h. t. bestilling af buste af
statsraad Lange. Jeg antager
det for ganske sikkert, at det
blir Dem, som i tilfælde
faar dette arbeide, naar De
er villig til at overtage det. Men
der er endnu ikke foretaget noget skridt
til indsamling af de nødvendige
midler. Jeg skulde imidlertid være
forbunden for en meddelelse om
hvad en saadan buste vilde koste. -
Ærbødigst
O. Blehr
Kristiania 17-10-1902."|"Hr. billedhugger Vigeland.
I anledning af dede af 11te d. nu
meddeles, at der vistnok endnu
ikke er taget nogen bestemmelse
m.h. 1. bestilling af buste af
stebsraad Langer. Jeg antager
det for ganske sikkert, at det
blir Dem, som i tilfælde
faar dette arbeide, naar se
er villig til at overtage det. Men
derer endnu ikke foretaget noget skridt
til indsamling af de nødvendige
midler. Jeg skulde imidlertid være
forbinden for en meddelelse om
hvaden saadan buste vilde koste. -
Kristiania 17-10-1902. Orbødigst
Blehr"|"https://demo.arkindex.org/element/d14615c6-fb80-4233-8922-1e80250802c3"
"3fa1d921-85c7-44f4-add2-9abe6d03df4b"|"Herr Stipendiat I. Aasen!
I Anledning af en Dissenti
om hvorledes man nu rettest
skriver Navnet ""Augvaldsnæs""
tillader jeg mig ærbødigst herved
at udbede mig Deres Mening.
Man vakler mellem:
1) Augvaldsnæs
2) Agvaldsnæs og
3) Avaldsnæs,
idet der hos Nogle formene, at
Slutningsstavelsen bør have ""e""
ikke ""æ"". -
Jeg haaber De er saa god at
undskylde det Bryderi, jeg for-
volder. -
Tysvær Prestgd 1 Mai 1882
ærbødigst
Th. Plahte"|"177
Mra Ripendiat S. Aasen!
I Anledning af en Dissentø
om Kvorledes man nu rettest
skriver Navnet ""Augvaldsnæs""
Ellader jeg mig ærbødigst herved
at udbede mig Deres Mening.
Man vakler mellem:
I Augvaldsnæs
2/Agvaldsnæs og
3, Avaldsnæs,
idet derhos Nogle formene, at
Hutningsstavelsen bør have ""e""
ikke ""A"". -
Jeg haaber Ide er saa god at
undskylde det Bryderi, jeg for-
volder; - jo
Tysvær istyd 1 Mar 1882
ærbødigst
K. Takke"|"https://demo.arkindex.org/element/d2e30c17-ef66-4449-98b1-1f74c29546bc"
"3ed465d1-3e22-4f2f-aadd-f84681ba64e8"|"Universitetets
fysiske Institut.
Kristiania 6 okt
1911
Konfidentielt
Kjære Sæland,
Kloumann kommer ud af
Salpeterverkerne (med en pen
liden gevinst forresten) og vil
søge Vasdragsprof. i Trondhjem.
Det maa da være en stor vinding
for høiskolen af faa ham?
Efter min mening er han
overmaade fremragende.
Istedenfor ham i Komiteen
kunde vel Richard sættes?
Diskuter dette med ham men sig
foreløbig intet til andre. Din hengivne
Kr. Birkeland."|"Kristiania 60 kt
1911
Korstjentylt
Kjære Jæland,
Monmann kommer ud af
Salpeterverkerne med en pen
liden gevinst forresten) og vil
Søge Vasdragsprof. i Trondhjem.
Det maa da være en Stor vinding
for høisholen af faa ham?
Efter min mening er han
overmaade fremragende.
Istedenfor ham i komiteen
Unde vel Richard sættes?
Diskuter dette med ham men sig
foreløbigentet til andre. Din hengivne
Kr. Biskefund"|"https://demo.arkindex.org/element/d356b684-5649-4b5f-9478-afcdcdac185b"
"eeff632d-4869-4554-ad9f-17edde1afc37"|"Kristiania 23 Juni 1903
Herr Professor Fridtjof Nansen
Lysaker
Da Gjøa forleden Dag seilede
afsted, uden at der var reist
videre Tiltale mod mig, nærede
jeg et stille Haab om, at den
fornødne Kapital var skaffet
tilveie paa anden Maade.
Dette Haab er da nu grundigt
skuffet ved Herr Professorens
Brev, og jeg faar vel da bide i
det sure Æble og garantere
de Kr 3000. -
Ærbødigst
Joh G Heftye
Sendes Ad. Alex Nansen
F. N."|"Kristiania 23 Juni 1903
Herr Professor Fridtjof Nansen
Lysæku
Da Gjøa forleden Dag seilede
afsted, uden at der var reist
videre Tiltale mod mig, nærede
jeg et stille Haab om, at den
fornødne Kapital var skaffet
silveie paa anden Maade.
Dette Haab er da nu grundigt
skuffet ved Herr Progessorens
Brev, og jeg faar vel da bide i
det sine Able og garantere
de Kr 3000.-
Ærbedigst
Joh G. Beftye
Sendes Ad. Abr. hansen
Joh Lyttestye
Sendes Ad. Abr. hansen
J.h."|"https://demo.arkindex.org/element/d50b5667-cffc-4698-844d-4753389f656f"
"3990ab2d-b317-4127-8d66-a0920d303996"|"S. T.
Hr Stipendiat Ivar Aasen!
Jeg tillader mig at bede Dem
gjøre mig den Fornøielse at tækkes
her hos mig i Morgen Aften Kl 7
i al Tarvelighed, da et lidet dramatisk
Arbeide af mig skal foredrages af
Fru Wolf i Landsmaalet, i hvilken
Anledning jeg ønskede at høre Deres
kyndige
Formening baade
med Hensyn til Sprog og Indhold.
Christiania
Dronningensgade No 24
Den 19de April 1869.
ærbødigst
H. Schulze
Storthingsmand"|"S.1.
Her Stipendiet Ivar Aasen!
Jeg tillader mig at bede Dem
gjøre mig den Fornøielse at tækkes
her hai mig i Morgen Aften Kl 7
i al Tevvelighed, da et lidet daamertisks
levbeide af mig skal foredrages af
Fru Wolf i hendimaalet, i hvilken
Anledning jeg ønskede at høre Deres
kyndige Kile Formening berde
med Hensyn til Sprog og Indhold.
Christiania
Dronningenigede No 24
Den 29de April 1869.
H. Schubse
Stovthingsmand"|"https://demo.arkindex.org/element/d64a62a5-ea48-47ad-ae7e-89b261efcef5"
"69252409-fe39-4dd2-b3cb-a9a366210f2a"|"[21.7.1882]
Bergen den 21de Juli 1882
Her Ivar Aasen!
I længere Tid har jeg forsøgt at
samle til min Bogsamling alle norske
Digteres Arbeider fra den første Tid
indtil nu. Efter omtrent at have faaet
dette mit Forsøg i den forønskede Grad
fuldført, er jeg nu begyndt  at
samle samme Digteres Billeder i et
Kunstneralbum. I denne Anledning
er jeg herved saa fri at gjøre en Hen-
vendelse til Dem, om De godhedsfuld
vil imødekomme mit Ønske om
muligen at kunne erholde Deres
Portræt, paa hvilken Maade jeg
derved kunde se min Ide realiseret,
nemlig at have saavel Digterens Portræt
som hans samlede Skrifter.
Med megen Atgtelse
i Ærbødighed
Mathias Askevold
Adresse:
Kjøbmand H. H. Krohn
Bergen."|"Bergen du 21de Juli 1882
Her Ivar Aasm!
I længere Tid har jeg forsøgt at
samle til min Bagsamling alle norske
Ligteres Arbeider fra Sm første Tid
indtil nu. Efter omtrent at have faaet
dette med Forsøg i den forønskeele Grod
fulelført, er jeg nu begyndt at at
samle samme Pigteres Billeder i et
Kanstneralbum. Schune elvhelning
er jeg hervert saa fri at gjøre en Hm-
vendelse til Dem, om De godhelsfuld
vil imødekomme mit Ønske om
muligen at kunne erholdig Deres
Portræt, paa hvilken skaade jeg
derved kunde se min Tde realiserel,
nemlig at have saavel Ligternes Fortrag
som hans sunlede Skrifter.
allend megen atztelse
i Arbødighed
i Arbødighed
Kjøbmand H. H. Thohn Mathiæs atskevold
Bergen.
Bergen."|"https://demo.arkindex.org/element/de37b1ef-95a5-4913-a469-b1a8644fb3d0"
"4d6b3f19-32e4-4164-98ea-116c0d0981d3"|"Breien Gaard 9 - 10
Ask st.
Ringerike
Hr. Gustav Vigeland.
Da jeg desværre må skille mig av
med en gruppe av Dem: ""Mann og
kvinne"" som vi i sin tid overtok
fra Major Segelcke - vilde jeg
være Dem meget taknemlig om De
vilde være så elskværdig å si mig
hvilken værdi De mener gruppen
har - og muligens kan De også
gi mig et råd om hvordan jeg
fordelagtigst får omsatt den.
Jeg får be Dem unskylde min
henvendelse og håper De ikke tar
mig den ille op.
Deres
Nancy Breien"|"Breien Gaard 9-10
Ask st.
Ringerike
Hr. Isustav Vigeland.
Da jeg desværre må skille mig av
med en gruppe av Dem: ""Mann og
kvinne"" som vi i sin tid overtok
fra Major Segelche - vilde jeg
være Dem meget taknemlig om De
vilde være så elskværdig å si mig
hvilken værdi De mener gruppen
har - og huligens kan De nopså
jeg mig et råd, om hvordan jeg
fordelagtigst får omsatt den.
Jeg tør he Dem unskylde min
hensvendelse og håper De ikke tar
mig den elle op.
Deres
Aancy Bereien"|"https://demo.arkindex.org/element/df49d4ea-cd16-4c6b-8ece-639c298c96ff"
"21139a3f-a183-4ec4-b88d-365fa5277833"|"FØRSTE HOFMARSKALK
FRØLICH.
Kristiania 16de Marts 1895
Fru Professorinde Aubert.
Der er fra min Side intet
til Hinder for, at H. M. Kongens
Bidrag til ""Læseforeningen for
Kvinder"" ydes, uden at det sæd-
vanlige Tillæg om, at det skal
anvendes til Fripladse for
Lærerinder, opretholdes. Det
greieste er, at ingen Betingelse
sættes, saa har Bestyrelsen
fuldkommen frie Hænder.
At Beløbet anvendes til Forøgel-
se af Bibliotheket, finder jeg
meget heldigt.
Med udmærket Høiagtelse
ærbødigst
Theodor Frølich"|"Kristiania 16 Marts 1885
Fru Propessorinde Aubert.
Der er fra min Side intet
til Minder for, at H. M. Nougens
Nidrog til ""Luseforeningen for
Kvinder ydes, uden at det seede
vanlige Tilling om, at det skul
anvendes til Fripladse for
Læserinder, opretholdes. Det
greieste er, at ingen Retingelse
trettes, saa har Pestyrelsen
fielækommen frie beænder.
At Reløbet anvendes til Forøgel-
te af Bibliothebet, finder jeg
anget helaigt.
Undvisnerket Høiagtelse
Ærbødigst
Theoder Frølich"|"https://demo.arkindex.org/element/e06eb99c-fc7d-4181-aba7-1285a29ccabc"
"aba7ab8d-301e-4208-a804-8b3b534c7ebc"|"FAHLSTRØMS THEATER.
FRA
THEATERCHEFEN.
KRISTIANIA D. 16 Januar 04
Hr dr. Ibsen
Som svar på Deres høit ærede skrivelse skal jeg i ærbødighed
tillade mig at tilbagemelde, at der fra min hustru og min
side ikke foreligger nogen misforståelse med hensyn til hr. doktorens
udtrykkelige tilladelse til
kun
at opføre ""Samfundets Støtter"" på min hustrus
jubileumsdag 6te april.
Jeg gjentager min hustrus og mine hjertelige taksigelser for hr. doktor
Ibsens store godhed.
I ærbødighed
Johan Fahlstrøm"|"Fr. 2.III KONS TIIEN TER.
Kristiania d. 16 Januar 04
Hr dr. Ibsen.
Som svar på Deres høit ærede skrivelse skal jeg i ærbødighed
tillade mig at tilbagemelde, at der fra min husdru og min
side ikke foreligges nogen misforståelse med hensyn til hr. doktorens
udtrykkelige tilladelse til at opføre ""Samfundets Støtter"" på min hustrus
jubilerimsdag 6te april.
Jeg gjentager min hustrus og mine hjertelige taksigelses for hr. doktor
Ibsens store godhed.
I ærbødighed
I dhand ahlition"|"https://demo.arkindex.org/element/e110c339-d0a3-4df4-9b55-bfb0965eb69d"
"cdb25b25-4ee8-4133-904c-d604c8013bde"|"Hr. Henrik Ibsen.
Jeg tillader mig herved at aflægge
Dem min varmeste Tak for det særdeles
velvillige Brev, jeg i vaar modtog fra Dem.
Sagen er nu afgjort - jeg erholdt ingen af de
Stipendier, hvorom jeg søgte, og da det er anden
Gang, jeg forgjæves anholder om Understøt-
telse, maa jeg nu tro, at man ikke under
nogen Omstændighed vil bevilge mig nogen
saadan. Jeg kan dog ikke angre, at jeg denne-
gang meldte mig - de Udtalelser jeg ved denne
Lejlighed har erhvervet fra Dem ligesom fra
Hr. Dr. G. Brandes har for mig en langt større Værdi
end hvilkensomhelst offentlig Understøttelse.
Trondhjem 3 August 1880.
Deres særdeles forbundne
Kr. Elster."|"Hr. Henrik Ibsen.
Jeg tillader mig herved at aflægge
Dem min varmeste Tak for det særdeles
velvillige Brev, jeg i vaar modtog fra Dem.
Sagen er nu afgjort - jeg erholdt ingen af de
Stipendier, hvorom jeg søgte, og da det er anden
Gang, jeg forgjæves anholder om Understøt-
telse, maa jeg nu tro, at man ikke under
nogen Omstændighed vil bevilge mig nogen
saadan. Jeg kan dog ikke angre, at jeg denne-
gang meldte mig - de Udtalelser jeg ved denne
Sejlighed har erhvervet fra Dem ligesom fra
dr. Dr. G. Brandes har for mig en langt større Værdi
end hvilkensomhest affentlig Understøttelse.
Fronohjem 3 August 1890.
Deres særdeles forbundne
Kr. Elster."|"https://demo.arkindex.org/element/e63c3468-2858-4fcf-80e8-d3dc378835d3"
"2e9d7a2c-b7ac-41e7-9ef1-4b9875023882"|"Xnia. 27.1.07
Eilert Sundts gd. 19.
Frøken Harriet Backer
Ærede Collega!
Jeg var nylig i Kunstforeningen for
at se Deres udstilling og jeg kan ikke
nægte mig den glæde at udtrykke
Dem min beundring for Deres
Kunst; jeg har aldrig havt anled-
ning til at få et fuldt indtryk af
den, da jeg kun leilighedsvis hos
private
har
seet et og andet af Deres
billeder og da i reglen så slet plaseret
at de på ingen måde ere komne
til sin rett. Både i tone og teknik
er det det bedste jeg tror at have
seet og jeg har jo ikke seet så lidt
i løbet af min Kunstnerbane.
Undskyld dette begeistringsudbrud
af en gammel Collega. Deres
ærbødig forb.
Morten Müller"|"Innia. 27.1.07.
Erert Sundts 9d. 19.
Inken Harriet Backer
Ærede Collega!
Jeg var nylig i Kunstforeningen for
at se Deres udflilling og jeg kan ikke
megte mig den glæde at udtrykke
Dem min beundring for Deres
Kunst; jeg her aldrig havt anled-
mig til at få et fuldt indtryk af
den da jeg kun leilighedsvis hos
privats,
har
har
seet et og andet af Deres
billeder og da i reglen så slet plaserne
at de på ingen måde ere komme
til sinrett. Både i tone og teknik
er det det bedste jeg tror at have
seet og jeg har jo ikke seet så lidt
i løbet af min kunstnerbane.
Undskyld dette begeistrorg udbrud
af en gamme Colleza. doves
arbøig forb. Hogten-Mulla"|"https://demo.arkindex.org/element/ea880228-04ce-42f5-9e81-62e2948b98fc"
"bea0233d-1460-4506-905c-29298c652426"|"Christiania 29.4.1914
Fru Sigrid Undset Svarstad!
Jeg maa faa Lov at
sende Dem en personlig Tak
for, hvad De har skrevet om
den saakaldte kjønslige Opdragelse.
Det var et godt og paakrævet
Ord mot alt det pædagogiske
Kluss, som Tiden og Barna
lider under. Av alle mine
tusener av Bøker er der kun
et halvt Snes Stykker, jeg har
under Laas og Lukke, av Hensyn
til mine Barn. Det er Pædagogens
Prestens og Fru Gjems-Selmers
Lærebøker om den kjønslige
Undervisning. De er for mot-
bydelige.
Deres ærbødige
Nils Vogt"|"Christiania 29.4.1914.
Fru Sigrid Undset Svarstad!
Jeg naa faa trav at
sende Dem en personlig Tak
for, hvad De har skrevet om
den svekverte kjønslige Opdragelse.
Det var et godt og parkneret
Ord mat alt det pædagogiske
Kluss, som Tiden og Barna
lider under. Av alle mine
tusener av Birke er der kun
et halvt Enes Stykker, jeg har
under haas og Lukke, av Hensyn
vil mine Barn. Det er Tædagagens
Presters og Fru Gjerns-Selmers-
Lærebøker om den kjønslige
Undervining. Der er jo mat-
bydelige. Den ærvävige
Vils Ogt"|"https://demo.arkindex.org/element/ebf08a94-6bd0-4785-90eb-4c6cc4d7182d"
"f42257d0-bd6c-48e5-964f-6aa5a4338559"|"Kristiania, 19 april 1916.
Herr billedhugger Gustav Vigeland!
Jeg har nu efter hvert besøg i Deres atelier, be-
stemt mig til at skrive til Dem, men hver gang
ud på de grå eftermiddage er det kommet for mig, at
det ser kanske så ""jålete"" ud, sån at fare på et menne-
ske, man ikke kjender - med sin begeistring.
Men idag randt jeg over, og de får tænke, hvad de
vil, - men jeg må hermed få gi Dem min aller
bedste tak for en af de største oplevelser i mit
liv. - Deres kunst står for mig som en af de
skjønneste manifestationer af livet i og om os, men-
nesker. - Jeg glæder mig mere end de kan tro,
til at se ""fontænen"" reist, hvor - er det mig det sam-
me - bare det blir - og at det blir snart og uden
dette obligate krangel. Thi fontænen er vigtse end byen!
Ta ikke disse linjer ilde op.
Deres ærbødige
Henrik Sørensen."|"Kristiania, 19 april 1916.
Herr billedhugger Gustav Vigeland!
Jeg har nu efter hvert besøg i Deres atelier, be-
stemt mig til at skrive til Dem, men hver gang
ud på de grå eftermiddage er det hommet for mig, at
det ser hanske så ""gålete"" ud, sån at fare på et menne-
ske, man ikke hjende - med sin begeistring.
Men idag randt jeg over, og De får tænke, hvad de
vil, - men jeg må hermed få vi Dem min aller
bedste tak for en af de største oplevelse i mit
liv; - Deres kunst står for mig som en af de
skjønneste manifestatione af livet i og om os, men-
nesker. - Jeg glæde mig mire end De kan tro,
til at se ""fontænen"" reist, hvor - er det mig det sam-
me - bare det blir - og at det belør snart og uden-
dette abligate brangel. Hvi fontænen er vigtre end byen.
Ta ikke disse linjer ilde op.
Deres æbødige
Henrik Sørensen."|"https://demo.arkindex.org/element/ed2b76bf-4838-4798-8b00-7b2753d252f9"
"2842bb35-7287-483f-826d-084191411639"|"23/11 1907
Kjære Svendsen!
Forhindret fra at
overvære din Triumf
iaften sender jeg dig
disse Blomster, plukkede
paa Livets Vejkant, hvor
jeg tankefuld sidder og
drømmer om fagre
Ungdomstid og om Ung-
domsvennen, hvis Harpe-
klang nu lyder ned til
mig fra Pieridernes Fest
ved kastaliske Kilde-
væld. - -
Tak, fordi du kom!
Din hengivne
Theodor Løvstad"|"23/11 1907
Kjære Svendsen!
Forhindret fra at
overvære din Triumf,
iaften sender jeg lig
disse Blomster, plukkete
paa Livets Vejkant, hvor
jeg tankefuld sidder og
drømmer om fagre
Ungdomstid og om Ung-
damsvennen, hvis Haspe-
klang nu lyder ned til
mig, tra Tieridernes Test
ved kastaliske Kilde-
væld. - -
Tak, fordi Du kan!
Din hengivne
Theauar Løvstad"|"https://demo.arkindex.org/element/f6612158-4c1f-4adf-97a1-4c3c99541017"
"69963393-c069-4187-9eda-5d26456935ac"|"S: T:
Hr Stipendiat Ivar Aasen
Kristiania
betalt"|"Hr. Tore Hamsun
Høn"|"https://demo.arkindex.org/element/f7e8f933-efef-47bd-9496-0cb69b01078c"
"1643840b-4cff-42ec-a19c-bceba58a806f"|"S. T.
Hr I. Aasen.
Som en Dem aldeles ubekjendt Person, maa jeg bede om
Undskylning fordi jeg uleiliger Dem med nærværende Linier.
Da jeg som Lærer ved den herværende Lærerskole
har paataget mig at have tilsalgs de paa Skolen brugelige
Bøger og saaledes har maattet træde i Forbindelse med de
forskillige Forlæggere, have disse ogsaa sendte mig (adskillige)
andre Bøger, end de Forlangte, og jeg har saaledes etableret
en liden Boghandel; men den Bog, hvorefter her spørges
mest hverken har jeg eller har været istand at faa opspore
Forlægger til, og denne Bog er ""Ervingen"". Man har sagt
mig, at den ikke er i Boghandelen, og jeg ved da intet
bedre Raad end at henvende mig til Dem selv med An-
modning at sende mig en 50 Ekspl til Forhandling.
Min Kommissionær i Aalesund er Klaus Nord.
Volden den 28de August 1862
Med megen Agtelse, ærbødigst
Jacob N. Kobberstad"|"S.T
Jo S. Aasen.
Som en dem aldeles ubekjendt Persont, maa jeg bede om
Undskylning fordi jeg uleiliger Dem med udrværende Linier.
Da jeg sans Lover ved den herværende Lærerskole
har paataget mig at have tilsælgi de paa Skolen brugelige
Bøger og saaledes har maattet trode i Forbindelse med de
forskillige Forlæggere, have disse ogsaa sendte mig Adskilliger
andre Bøger, end de Forlangte, og jeg har saaledes etoblevet
en liden Baghandel; men den Bog, hvorefter her spørges
mest hverken har jeg eller har været istand at faa opspore
Forlægger til, og denne By er «Krvingen"". Man har sagt
mig, at den ikke er i Boghandelen, og jeg ved da intet
beare Kaad end at henvende mig til Dem selv med Aun
modning at sende mig an 50 Ekøpl til Forhandling.
Min Kommesfande i Aalesund er Klaus Nord.
Volden den 28de Marplost 1862
Med megen Agtelse, ærbødigst
Frkob Kobberstadr."|"https://demo.arkindex.org/element/f7e8f933-efef-47bd-9496-0cb69b01078c"
"08ba1701-60ae-48d3-a63a-c7a23e444929"|"H. Bull
Arkitekt
Tel. 23608"|"gaarsevender
Hr Bull
Arkirekt Erkitekt
Fel. 23608
sosomococoncert"|"https://demo.arkindex.org/element/fa51b714-80ea-462b-bf7f-669c525a305d"
"30cd2714-fb30-4fe7-a1e8-b20cdc3165eb"|"Oslo 7de februar 1926.
Herr billedhugger Gustav Vigeland.
Vedlagt sender jeg Dem kopi av de to tegninger
til broen i Frognerparken. Den permanente del
av broen er i grundrids merket med prikkete
linjer
Det er meget elskværdig av Dem at ville
gi mig anledning til at se Deres arbeider og
vil jeg være svært taknemlig for en telefon-
opringning når støpearbeidet er færdig
Ærbødigst
H. Bull."|"Ordls 7de februar 1926.
Herr billedhugger Gustav Vigeland.
Vedlagt sender jeg Dem kopi av de to tegninger
til broen i Frognerparsen. Den permanente del
av broen er i grundrids merket mea prikkete
linjer
Det er meget elskværdig av Dem at ville
gi mig anledning til at se Deres arbeider og
vil jeg være svært taknemlig for en henfon-
opringning når støpearbeidet er færdig
Ærbødigst
H. Bull."|"https://demo.arkindex.org/element/fa51b714-80ea-462b-bf7f-669c525a305d"
"1ee3d67e-c6ec-47df-a30e-19166d8a10f0"|"Hr. Litterat Ivar Aasen
Cristiania"|"romorgening
norop varp tængere af"|"https://demo.arkindex.org/element/fd6e5a85-d078-43c7-9a6b-ac51c3303aa5"
"83f7696c-9f34-4eaa-bca1-011b94212f33"|"15/10 81
Hr Sproggransker I Aasen
- Da jeg strax efter sidste Gademøde med
Dem ret og slet saa at sige for første Gang gav
mig til at overtænke den rimeligste Etymologi
og deraf atter udledende Ortografi af Provincial-
Udtrykket ""Tvebreia"", faldt det mig fast øieblik-
kelig ind, at Ordet simpelthen betegner den Mængde
Beskaffenhed ved det i saakaldte Skaarer nedslaa-
ede Græs, at det for at kunne vinde sin behørige
Tørk paa Marken, inden det vendes, tiltrænger saa
stort
Brednings-Rum
at Marken bliver dækket med
Græs paa begge Sider af Ljaa-Skaaret. - Naar
denne Slaattens ønskelige Tilstand er forhaanden,
vil
antagelig
altsaa ""Tvebreia"" tjene til dets derivativt rig-
tige Sprogudtryk, og efter denne Derivations-Conjec-
tur vover jeg saaledes at foreslaae
dets
Bogstavering
som anført. -
ærbødigst
H Wergeland"|"15/10 81
Hr Sproggransker I Aasen
Da jeg strax efter sidste Gademøde med
Dem ret og det saa at uge for første Gang gav
mig til at overtænke den rimeligste Etymologe
og deraf atter udledendes Ortografi af Provinial
Udtrykket «Tucereia», haldt det mig fåst øieblik-
kelig ind, at Ordet umpelthen betegner den Mængde-
Beskaffenhed ved det i Taakaldte Skaarer nedflaa-
ede Græs, at det for at kunne vinde un behørege
Tøok paa Marken, inden det vender, tiltrænger saa
Brednings-Rum saa at Marken bliver dækket med
Græs paa begge Sider af Ljaa-Skaaret. - Naar
denne Plaattens ønskelige Tilstand er forhaanden,
antagelig
vil altsaa ""Trebrua"" tjene til dets derivativt rig-
tege Sprogudtryk, og efter denne Derivolions-Conjec-
tur vover jeg såaledes al foreslaaer
dets
dets
Rog stovering
ærbødigst
H Wergeland"|"https://demo.arkindex.org/element/fd6e5a85-d078-43c7-9a6b-ac51c3303aa5"
"8ba1ea2f-6cf4-49df-b489-04d1e76f8590"|"Deres søde Brev er mig
usigeligt kjært, jeg har læst
det om og om igjen. Ak ja -
De har staaet dem Alle nær -
disse elskelige letbevægelige
Mennesker, som Alle ere borte!
den sidste og dyrebareste har
efterladt mig Stakkel, jeg er
ganske som uden Fodfæste
jeg er som hjemløs, hvorhen
skal jeg gaa. Kjære Camilla
hvorledes lever man efter et
saadant Tab? Ensomheden
er forfærdelig, og dog vil jeg
kun Ensomheden. Gud
hjelpe Deres hengivne
Agnes Kjerulf
Krist. 14.12.88"|"Deres søde Brev er mig
usigeligt kjært, jeg har læst
det om og om igjen. Ak ja -
De har staaet dem Alle nær-
disse elskelige letbevægelige
Kunnesked som Alle ere borte!
den sidste og dyrebareste har
efterladt mig Takkel, jeg er
ganske som uden Fadfæste
jeg er som hjemløs, hvorhen
skal jeg gaa. Kjære familla
hvorledes lever man efter et
saadant Tab? Ensomheden
er forfærdelig, og dog vil jeg
kun Emomheden. Gud
hjelpe Deres hengivne
Agnes Hjertelt"|"https://demo.arkindex.org/element/fe817b1f-c478-4b7f-b911-68c16ed17cfb"
"29fcac99-edb6-4144-ade9-7823782b6d43"|"Granskog, Hvalstad.
14/7-08.
Til Bestyrelsen af
Læseforeningen for Kvinder!
Paa Søskendes og egne Vegne
beder jeg Dem modtage vor
hjerteligste, varmeste Tak for
Deres Deltagelse i disse tunge
Dage.
I Ærbødighed
Erik Lie."|"Granskog, Hvalstad.
14/7-08.
Til Bestyrelsen af
Læseforeningen for Kvinder!
Paa Søskendes og egne Vegne
beder jeg Dem modtage vor
hjerteligste, varmeste Tak for
Deres Deltagelse i Disse tunge
Dage.
og Ærbødighed
Erik hie."|"https://demo.arkindex.org/element/21b07734-c7ee-41e6-a5a4-64b5eb1407c9"
"b13154d2-bc5b-4e70-9b81-48f91211818c"|"Kjære Harriet Backer!
Naar ""De Fjorten"" endnu ikke har faat no-
get Svar angaaende Dem, kommer det
af at  Kunstafdelingen endnu ikke
har behandlet Sagen. Den har nemlig
ikke hat noget Møde, siden Ansøg-
ningen indløb. Vi kan ikke holde Møde
for en enkelt Sag, da det er vanskeligt
at faa Medlemmerne sammen, med-
mindre der foreligger flere. Imidlertid er
der nu flere. (Den nye Gruppe paa 30
Medlemmer og Stortingets Afknappede Be-
vilgning af 10.000 Kroner til Udvidelse af
Kunsthallen, saa nu blir der Møde med det Første).
Dernæst gaar Sagen til Administrationskomiteen.
De nævner bildende Kunstneres Styre. Dette
har absolut Intet med Jubilæumsudstillin- 
gen at gjøre.
Deres hengivne
Chistian Krohg
25/5-13"|"Kjære Harriet Backer!
Naar ""De Fjorten"" endnu ikke har faat no-
get Svar angaaende Dem, kommer det
af at Kunstafdelingen endnu ikke
har behandlet Sagen. Den har nemlig
ikke hat noget Møde, siden Ansøg-
ningen indløb. Vi kan ikke holde Mød-
for en enkelt Sag, da det er vanskeligt
at faa Medlemmerne sammen, med-
mindre der foreligger flere. I midlertid er
der nu flere. (Den nye Gruppe paa 30
Medlemmer og Storktningets Aftenappede Be-
vilgning af 10,000 Kroner til Nøvedelse af
Kunsthallen, saa nu blir der Møds med det Første).
Dernæst gaar Sagen til Administrabionskomsteen.
De nævner bildende Kunstneres Styre. Dette
har absolut Intet med Jubilæumsudstillie-
gen at gjøre.
Deres hengivne
Christian Krohg"|"https://demo.arkindex.org/element/2f06b2fd-607c-44a1-aa0b-04c902ff7b36"
"2a0780ea-29d5-47df-b066-20b8e02ba882"|"Klingenberg
Fra
Toldkassereren
ved Drammens Toldsted
No.
DRAMMEN den 23de Oktober 1879
Hr. Ivar Aasen!
En Mand i Fredriksstad skal døbe et
nytt skib, en Skonnert, og har bedet mig
om Forslag til et godt norsk Navn, der ud-
trykker ""Udholdenhed, Ihærdighed, Seighed
ogsaa Uforfærdethed.""
Da jeg ikke er Manden for at finde et
saadant ""godt"" Navn, haaber jeg De undskylder,
at jeg henvender mig til dem med Bøn om
at komme mig og derved min Ven til Hjælp
og derhos bidrage til at faa et godt norsk Ord
i Folkemunde.
Jeg bemærker, at Vedkommende har et Far-
tøi, ved Navn ""Voni"" og ikke ønsker Navnet
""Starkad"". Der ønskes ""et godt klangfuldt Praienavn""
Forventende med det snareste Deres gunstige Svar
med sand Høiagtelse
Deres ærbødige
J. B. Klingenberg
Til"|"Klangenberg
D2 11 Aun den 23de Oktober 1879
Hr Svar Aasen!
En Mand i Fredriksstad skal døbe et
nytt Skib, en Skonnert, og har bedet mig
om Forslag til et godt norsk Navn, der ud-
trykker ""Udholdenhed, Thærdighed, Seighed
ogsaa Uforfærdethed"".
Da jeg ikke er Manden for at finde et
saadant ""godt Navn, haaber jeg De undsageder,
at jeg henvender mig til Dem med Bøn om
at komme mig og derved min Ven til Hjælp
og derhos bidrage til at faa et godt norsk av
i Folkemunde.
Jeg bemærker, at Vedkommende har et Tar-
tøi, ded Navn «Voni» og ikke ønsker Navnet
Starkad"". Der ønskes et godt klangfuldt Praisnavn""
Forventende med det snareste Deres gunstige Svar
med sand Høiagtelse
Deres ærbødige
J. Klingenberg"|"https://demo.arkindex.org/element/3605481a-f672-465d-96b4-8b5adbf9608a"
"c57c8cf2-a72d-4b5f-b861-0e7ccdf18639"|"Efter aftale har jeg været hos konsul Tønsberg, for at
forhandle med ham angående forlaget af ""Amtmandens
døtre"" og ""Collets personret"". Men Tønsberg erklærede strax,
at han kun på den betingelse havde erklæret at ville
vedstå sit oprindelige bud, at 1) De påtog Dem at af-
gjøre det fornødne med Finne, og 2) at jeg skulde overta-
ge at bearbejde personretten til trykken. Hvad det før-
ste vilkår angår, da går Finnes forlangende, såvidt jeg
ved, ud på 40 Spd.; dette er altså blot et pengespørgsmål.
Hvad derimod angår det andet vilkår, da har jeg alle-
rede tidligere erklæret Tønsberg, at jeg under ingen om-
stændighed, i alle fald i den nærmeste fremtid, vil kunne
påtage mig et sådant arbejde,
og
at formentlig
ingen vilde kunne udføre dette arbejde bedre end overretssagfø-
rer O. Bakke, der også, efter hvad jeg har hørt, dertil skal
være villig. Tønsberg insisterede imidlertid på sin fordring,
hvorpå jeg erklærede ham, at i såfald måtte sagen betrag-
tes som opgiven. Således står altså sagen for øjeblikket.
Om betalingsterminerne o. dl. kunde følgelig ikke blive
talt. Min mening er nu, at De bør fastholde det engang
aftalte, og i alle fald ikke selv have det mindste enten
med Finne eller med personrettens eventuelle bearbej-
delse at bestille. Jeg skal også tale nærmere med Tønsberg;
måske opgiver han i det mindste den
fordring.
ærbødigst
F Brandt
d. 25/10 58."|"Efter aftale har jeg været hos konsul Tømberg, for at
forhandle med ham angående forlaget af ""Amtmandens
søtre» og «Collets personret"". Men Tønsberg erklærede strax,
at han kun på den betingelse havde erklæret at ville
vedstå sit oprindelige bud, at «De patog Dem at af-
gjøre det fornødne med Tinne, og Dat jeg skulde overta-
ge at bearbejde personretten til trykken. Hvad det for-
ste vilkår angår, da går Tinnes forlangende, savidt jeg
ved, ud på 40 Spd; dette er altså blot et pengespørgsmål.
Hvad derimod angår det andet vilkår, da har jeg alle-
rede tidligere erklæret Tønsberg, at jeg under ingen om-
stændighed, i alle fald i den nærmiste fremtid, vil kunne
påtage mig et sådant arbejde, som og
og
og
at formentlig
ingen vilde kunne udføre dette arbejde bedre end overretssagfø-
rer O. Bakke, der også, efter hvad jeg har hørt, dertil skal
være villig. Tønsberg insisterede imidlertid på sin fordring,
hvorpå jeg erklærede ham, at isåfald måtte sagen betrag.
tes som opgiven. Således står altså sagen for øjeblikket.
Om betalingstermenerne o. dl. kunde følgelig ikke blive
talt. Min mening er nu, at De bør fastholde det engang
aftalte, og i alle fald ikke selv have det mindste enten
med Finne eller med personrettens eventuelle bearbej.
Delse at bestille. Jeg skal også tale nærmere med Tonsberg;
måske opgiver han i det mindste den første fordring.
Æ. 25
Mallt
Mallet"|"https://demo.arkindex.org/element/507416b3-b936-405e-99d1-395053419dc6"
"bde7d5de-2cc3-46f1-b819-4dafea4c6a15"|"Kristiania 8/2 - XIII
Illustrissime!
Ved nærværende beder
undertegnede - som
har læst Deres epoke-
gjørende foredrag -
om at få fremføre
til Dem sin ærbødige
tak for Deres uvur-
derlige arbeide for"|"Kristiania 6/4-77
Hustrissime!
Hustrissime!
Undertegnede - som
har læst Deres efsoke-
gjørende foredrag -
om at få fremtøre
til Dem sin ærbødige
Kak for Deres menr-
derlige arbeide for"|"https://demo.arkindex.org/element/51cea8b8-41d2-4201-a6ea-79417aa26dae"
"4aee4ab3-6b32-4191-ace2-74bfbdef4d20"|"videnskaben.
Hvis under-
tegnede til denne tak må
få lov at tilføie et ønske,
så var det at måtte få an-
ledning til personlig at
få påhøre et sådant fore-
drag ved leilighed.
Med ærbødigst hilsen
Albert Hiorth
F. Hiorth"|"videnskaben.
Hvis under-
hegnede til denne tak må
få lov at tilføie et ønske,
så var det at måtte få an-
ledning til personlig at
få fsahøre et sådant fore-
drag ved leilighed.
(Aed ærbødigst hilsen.)
Hivetz i B. Høvth"|"https://demo.arkindex.org/element/51cea8b8-41d2-4201-a6ea-79417aa26dae"
"ccd18f44-2b1b-415d-b8df-45e098a642ca"|"Kristiania 23 januar 1893.
Fru Camilla Collett!
Tillad, at jeg på denne Deres 80 år
fødselsdag føier også mine bedste
ønsker til de mange tusinders, idet
jeg samtidig udtaler min dybeste
høiagtelse og varmeste beundring.
I ærbødighed
Kristian Gløersen"|"Kristiania 23 januar 1893.
Fru Camilla Collett!
Tillad, at jeg på denne Deres 80 år
fødselsdag føier også mine bedste.
- ønsker til de mange tusinders, idet
jeg samtidig udtaler min dybeste
høiagtelse og varmeste beundring.
I ærbødighed
Kristian Gløersen"|"https://demo.arkindex.org/element/9cabe071-9dd1-45e5-a9b9-2fb8e6ef0394"
"a998bc09-f53e-4378-8753-27bc5086ebd1"|"S. T:
Hr. Ivar Aasen.
I Haab om, at De undskylder min Frihed,
tillader jeg mig herved at spørge Dem, hvad der
menes med Ordet ""Hjelm"", naar det i Norske
Lovs 6-15-18 heder: ""Bygger Mand paa anden
Mands Jord enten Hielm eller nogen andre Huse
eller Svinesti eller Gierde etc."", og i 3-14-41, hvor
det om Leilændingen heder, at naar han har betalt
Landskylden, maa han ""bortflytte sin Vedkast,
Halm og Hielmstænger"". Ordet forekomer
nemlig i forskjellige Gaardsnavne her som ""Hjel-
mervig"", - ogsaa, men formentlig galt, skrevet ""Gjel-
mervig"" - ""Hjelmeland"", ""Hjelmen"", en Ø i Fitje,
hvilke Navnes Betydning jeg gjerne ønskede at
kjende.
I det Deres velvillige Svar herpaa ærbødigst
udbedes tegner jeg med Agtelse
Christoffer Løvvig
Seminarist.
Stordøen pr. Søndhordland den
18 Novbr. 1872."|"S. T:
Hr. Svar Aasen.
I Haabom, at De undskylder min Frihed,
tillader jeg mig herved at spørge Dem, hvad der
menes med Ordet ""Hjelm"", naar det i Norske
Lovs 6-15-18 heder: ""Bygger Mand paa anden
Mands ford enten Hielm eller nogen andre Huse
eller Svinesti eller Giende etc"", og i 3-14-41, hvor
det om Leilændingen heder, at naar han har betalt
Landskylden, maa han bortflytte sin Vedkast,
Halm og Hielmstænger.
Ordet forekoum
nemlig i forskjellege Gaardsnavne her som Hjel-
mervig, - ogsaa, men formentlig galt; skrevet ""Gjel-
mervig! - ""Hjelmeland""; ""Hjelmen"", én Ø i Tilje,
hvilke Navnes Betydning jeg gjerne ønskede at
kjende.
Tæet Deres velvillige Svar herpaa ærbødigst
udbedes tegner jeg med Agtelse
Christoffer Løvvig
18 Novbr. 1872."|"https://demo.arkindex.org/element/a717b89b-0557-4f6d-b71b-2e3328da0e3a"
"2c700b84-c753-46fb-8aee-2b6b14d4cbe6"|"Fra
Overintendant
Kammerherre Holst.
Christiania den 21 Novbr. 1884
Idet jeg erkjender Modtagelsen af de Oplysninger, De
har meddelet mig og som jeg i visse Henseender finder fuldt
tilfredsstillende, er der dog et Punkt, hvorom jeg endnu maa
uleilige Dem med at give mig Besked.
Over hvilke Emner har Fru Mathilde Schjøtt holdt Foredrag,
og hvorfor har Foreningen forladt det sikkre Standpunkt, den
som ""allene"" ""Læsecirkel"" ""for Qvinder"", indehavde?
Deres ærbødigste
Chr Holst
Fru Johanne Vogt
født Collett"|"Christiania den 21 Novbr. 1884
Kammerhene Ebeest.
Idet jeg erkjender Modtagelsen af de Oplysningen, De
har meddelt mig og som jeg i vise Henseender finder fuldt
tilfredsstillende, er der dog et Tankt, hvorom jeg endnu maa
allelige Dem med at give mig Besked,
Over hvilke Emmer har Fru Mathelde Schjøtt holdt Foredrag,
og hvorfor har Foreningen forladt det sikkre Standpunkt, den
som ""alliné"" Læsceiskel for Gvinder"", indehavde?
Deres ærbødigste
Om otol
Tru Johanne Vogt.
født Collett"|"https://demo.arkindex.org/element/d652a4d8-473a-49d0-947e-6c5268d56eb4"
